ID,Licenseplate,vehicleusageID,VehicleStatus,createddate,make,model,year_model,colour,vin,fuel_type
1,ZQ363,276,available for use,2026-08-12 06:23:57,Hyundai,Sportage,2025,Blue,VIN000001,EV
2,YH875,174,out of fleet,2026-06-28 04:46:38,Kia,Model 3,2018,Blue,VIN000002,Petrol
3,IC491,325,available for use,2026-03-27 14:06:43,Kia,Sportage,2021,Silver,VIN000003,EV
4,LQ648,5,available for use,2026-04-13 06:35:49,Ford,i30,2019,Blue,VIN000004,Hybrid
5,CR282,244,in use,2026-03-26 21:11:02,Mazda,i30,2020,Black,VIN000005,EV
6,XG340,124,available for use,2026-03-22 07:18:59,Ford,Ranger,2021,Red,VIN000006,Hybrid
7,EY209,62,out of fleet,2026-09-20 11:01:31,Kia,Model 3,2018,Red,VIN000007,Petrol
8,PL735,162,in use,2026-12-09 03:23:46,Mazda,i30,2025,Black,VIN000008,Hybrid
9,MH868,296,in use,2026-07-24 04:12:34,Tesla,Model 3,2026,White,VIN000009,Hybrid
10,MV894,90,in use,2026-02-16 17:54:45,Kia,CX-5,2025,Silver,VIN000010,Petrol
11,AV315,195,in use,2026-05-07 09:17:06,Hyundai,CX-5,2022,Black,VIN000011,Hybrid
12,HI582,314,in use,2026-03-13 10:11:58,Tesla,Model 3,2021,Blue,VIN000012,Hybrid
13,LM386,231,in use,2026-02-20 22:18:20,Mazda,Sportage,2021,White,VIN000013,Hybrid
14,ZH668,222,available for use,2026-03-18 03:26:29,Ford,Sportage,2020,Blue,VIN000014,Petrol
15,FN611,69,out of fleet,2026-11-26 20:53:16,Kia,CX-5,2026,Silver,VIN000015,EV
16,JI675,291,in use,2026-02-08 10:30:43,Kia,Ranger,2018,Black,VIN000016,Hybrid
17,PU198,231,available for use,2026-04-11 21:13:25,Hyundai,i30,2026,Red,VIN000017,Hybrid
18,LA521,63,in use,2026-09-21 22:11:57,Mazda,Ranger,2026,Black,VIN000018,Hybrid
19,LK789,262,in use,2026-10-14 00:55:17,Tesla,Corolla,2024,Red,VIN000019,Hybrid
20,OU248,86,in use,2026-12-27 14:52:07,Hyundai,Model 3,2024,White,VIN000020,Petrol
21,FK333,161,in use,2026-04-24 03:38:16,Kia,i30,2024,Silver,VIN000021,EV
22,YL865,301,in use,2026-06-24 20:59:40,Tesla,Ranger,2020,White,VIN000022,Diesel
23,XH777,129,out of fleet,2026-09-30 02:58:07,Kia,Corolla,2021,Black,VIN000023,EV
24,DD165,243,in use,2026-01-11 05:44:19,Tesla,CX-5,2019,White,VIN000024,Hybrid
25,TE186,336,out of fleet,2026-06-01 09:37:48,Hyundai,Ranger,2021,Silver,VIN000025,EV
26,UE234,270,available for use,2026-01-12 02:18:13,Toyota,Sportage,2023,Silver,VIN000026,EV
27,OR378,281,in use,2026-09-28 22:18:59,Mazda,Ranger,2025,Red,VIN000027,EV
28,QU754,274,in use,2026-05-15 19:50:35,Tesla,CX-5,2021,White,VIN000028,EV
29,JL522,134,in use,2026-01-05 02:23:14,Toyota,CX-5,2020,Silver,VIN000029,Hybrid
30,PR108,252,out of fleet,2026-07-05 06:35:14,Hyundai,Corolla,2024,Silver,VIN000030,Diesel
31,ZA661,192,in use,2026-12-09 14:20:47,Mazda,Model 3,2024,Black,VIN000031,Diesel
32,WX761,200,available for use,2026-03-27 16:04:13,Hyundai,Corolla,2024,Black,VIN000032,Hybrid
33,JU860,273,available for use,2026-06-10 08:32:35,Ford,Corolla,2020,Black,VIN000033,Hybrid
34,DU566,317,in use,2026-09-30 00:52:40,Mazda,Model 3,2021,Silver,VIN000034,Petrol
35,EB647,12,in use,2026-02-09 17:15:28,Hyundai,i30,2020,Blue,VIN000035,Petrol
36,HC254,8,in use,2026-05-13 18:51:31,Tesla,i30,2025,Silver,VIN000036,EV
37,WZ132,170,in use,2026-10-19 11:48:55,Ford,Corolla,2022,Blue,VIN000037,Petrol
38,RP285,99,available for use,2026-04-08 02:54:34,Tesla,Corolla,2019,Black,VIN000038,EV
39,YO353,18,in use,2026-10-13 13:42:18,Toyota,CX-5,2021,Blue,VIN000039,EV
40,VJ430,82,in use,2026-01-17 09:12:04,Kia,CX-5,2026,White,VIN000040,Hybrid
41,PU405,102,in use,2026-01-21 05:29:26,Kia,Ranger,2019,Black,VIN000041,EV
42,KA271,142,in use,2026-06-03 17:12:02,Ford,Corolla,2018,Red,VIN000042,EV
43,WT258,191,available for use,2026-04-07 14:15:34,Ford,Model 3,2019,Red,VIN000043,Hybrid
44,YU161,31,in use,2026-03-01 18:37:25,Kia,CX-5,2019,Black,VIN000044,EV
45,HK671,331,available for use,2026-11-09 20:02:26,Tesla,Sportage,2021,White,VIN000045,EV
46,LX237,129,available for use,2026-07-08 11:20:37,Kia,Model 3,2026,Silver,VIN000046,EV
47,GS291,279,in use,2026-10-12 10:29:06,Tesla,i30,2026,Black,VIN000047,Petrol
48,QE560,152,available for use,2026-07-30 08:08:00,Hyundai,Model 3,2018,Red,VIN000048,EV
49,XF119,318,available for use,2026-10-29 08:59:55,Mazda,Ranger,2023,White,VIN000049,EV
50,GQ799,255,available for use,2026-03-01 20:36:35,Mazda,i30,2023,Blue,VIN000050,Hybrid
51,DD635,338,in use,2026-11-21 08:33:58,Ford,Ranger,2018,Black,VIN000051,Petrol
52,PG201,17,in use,2026-11-21 18:52:35,Tesla,Sportage,2025,Red,VIN000052,Hybrid
53,BL326,311,available for use,2026-01-06 01:58:16,Ford,Sportage,2025,White,VIN000053,EV
54,ZU162,185,in use,2026-12-31 09:03:59,Tesla,i30,2018,Red,VIN000054,Hybrid
55,QB851,37,available for use,2026-01-31 06:24:37,Ford,CX-5,2019,White,VIN000055,Diesel
56,RM294,99,in use,2026-04-07 14:38:22,Mazda,Sportage,2020,Red,VIN000056,EV
57,XD884,327,in use,2026-09-19 22:43:34,Tesla,Sportage,2024,White,VIN000057,Diesel
58,ZF663,206,in use,2026-09-13 08:38:28,Ford,CX-5,2025,Silver,VIN000058,Hybrid
59,RK965,191,in use,2026-09-03 22:13:56,Tesla,Sportage,2023,,VIN000059,Diesel
60,SR319,193,available for use,2026-12-26 16:18:53,Kia,i30,2023,Blue,VIN000060,EV
61,MA843,18,out of fleet,2026-08-20 08:54:43,Toyota,CX-5,2020,Silver,VIN000061,Petrol
62,JH319,162,in use,2026-11-16 05:02:07,Kia,i30,2026,Red,VIN000062,Diesel
63,DB571,183,in use,2026-04-13 21:52:07,Hyundai,CX-5,2021,Black,VIN000063,Hybrid
64,ZJ194,293,in use,2026-12-23 11:16:42,Ford,Sportage,2019,Silver,VIN000064,EV
65,FP945,296,available for use,2026-02-07 00:51:26,Mazda,Sportage,2022,White,VIN000065,EV
66,CY157,172,in use,2026-11-14 08:18:45,Tesla,Model 3,2019,Black,VIN000066,Petrol
67,UY747,196,in use,2026-07-23 15:36:25,Toyota,i30,2026,Red,VIN000067,Diesel
68,KQ814,114,in use,2026-09-19 14:44:07,Kia,Model 3,2025,Red,VIN000068,Petrol
69,HN396,202,in use,2026-05-11 13:18:52,Toyota,Model 3,2018,Red,VIN000069,EV
70,IC508,257,in use,2026-09-29 00:37:28,Ford,Ranger,2025,,VIN000070,Diesel
71,PM767,293,in use,2026-08-28 05:30:23,Kia,CX-5,2021,Black,VIN000071,Petrol
72,IY540,166,available for use,2026-08-12 16:52:44,Toyota,Corolla,2024,Blue,VIN000072,Hybrid
73,LG428,177,in use,2026-01-10 09:37:26,Hyundai,Ranger,2023,Red,VIN000073,EV
74,TE551,23,out of fleet,2026-04-01 16:16:50,Ford,Sportage,2023,Black,VIN000074,Petrol
75,DX155,125,out of fleet,2026-12-26 21:44:48,Ford,i30,2018,Silver,VIN000075,Petrol
76,JO582,12,in use,2026-10-15 09:25:15,Mazda,Ranger,2021,Red,VIN000076,Hybrid
77,RP737,73,available for use,2026-09-17 12:38:24,Toyota,Model 3,2026,White,VIN000077,Hybrid
78,FB390,103,available for use,2026-08-28 23:50:57,Hyundai,Corolla,2025,White,VIN000078,Petrol
79,MV377,340,available for use,2026-09-14 08:34:53,Hyundai,Corolla,2018,Silver,VIN000079,EV
80,HM620,51,out of fleet,2026-07-08 05:22:43,Mazda,CX-5,2019,Black,VIN000080,Diesel
81,QO674,12,in use,2026-12-25 04:10:49,Mazda,i30,2023,Blue,VIN000081,EV
82,XF118,178,available for use,2026-05-19 00:21:51,Kia,i30,2021,Red,VIN000082,Hybrid
83,ZB740,132,available for use,2026-12-12 19:08:56,Toyota,CX-5,2022,Black,VIN000083,Diesel
84,KM772,71,in use,2026-05-29 10:25:42,Mazda,Sportage,2021,Blue,VIN000084,Diesel
85,SE536,160,out of fleet,2026-05-08 21:09:22,Tesla,CX-5,2020,Black,VIN000085,Diesel
86,SR800,104,available for use,2026-05-01 00:04:25,Kia,Sportage,2026,Black,VIN000086,EV
87,YE771,290,out of fleet,2026-05-04 07:16:45,Toyota,CX-5,2026,White,VIN000087,Diesel
88,KE844,16,available for use,2026-12-08 19:25:25,Tesla,Model 3,2022,Blue,VIN000088,Hybrid
89,EY292,55,in use,2026-01-11 04:11:06,Mazda,CX-5,2022,Red,VIN000089,Diesel
90,TH336,14,in use,2026-09-25 05:56:29,Tesla,Ranger,2026,Red,VIN000090,EV
91,WU482,95,available for use,2026-07-10 20:36:17,Tesla,Ranger,2020,Black,VIN000091,Diesel
92,BN882,8,out of fleet,2026-06-10 09:50:57,Ford,Sportage,2021,Black,VIN000092,Petrol
93,FO987,316,in use,2026-05-07 04:14:48,Tesla,Ranger,2024,Blue,VIN000093,Petrol
94,TX944,195,available for use,2026-06-03 01:45:03,Mazda,Sportage,2026,Red,VIN000094,Petrol
95,QD562,234,available for use,2026-01-17 11:20:41,Ford,CX-5,2026,Blue,VIN000095,Petrol
96,RM628,323,out of fleet,2026-03-15 17:32:00,Hyundai,Model 3,2024,Silver,VIN000096,Hybrid
97,OF532,151,in use,2026-01-22 04:24:42,Kia,CX-5,2020,Blue,VIN000097,EV
98,CX612,58,in use,2026-08-16 08:46:05,Kia,CX-5,2020,Blue,VIN000098,EV
99,KO125,92,in use,2026-12-15 05:04:51,Kia,Ranger,2025,White,VIN000099,Hybrid
100,KW764,84,available for use,2026-02-17 23:30:56,Toyota,Corolla,2025,Silver,VIN000100,Petrol
101,QW493,262,in use,2026-03-04 02:22:22,Tesla,CX-5,2024,White,VIN000101,Diesel
102,KS992,338,available for use,2026-03-04 23:06:21,Ford,Ranger,2018,Blue,VIN000102,Hybrid
103,JX887,229,in use,2026-03-12 04:12:32,Toyota,Ranger,2021,White,VIN000103,Hybrid
104,AO609,256,in use,2026-01-03 05:35:56,Mazda,Model 3,2021,Black,VIN000104,EV
105,ON552,41,in use,2026-01-03 13:15:54,Ford,CX-5,2022,Red,VIN000105,Diesel
106,BF251,29,available for use,2026-01-15 06:15:54,Ford,Corolla,2022,Silver,VIN000106,Petrol
107,BD526,92,in use,2026-04-21 10:37:07,Mazda,Sportage,2026,Black,VIN000107,EV
108,XS468,19,in use,2026-04-27 05:37:36,Hyundai,i30,2024,White,VIN000108,EV
109,RC399,242,in use,2026-09-27 18:19:20,Hyundai,i30,2026,Blue,VIN000109,Diesel
110,WG726,30,in use,2026-10-11 09:33:45,Kia,CX-5,2019,Blue,VIN000110,Hybrid
111,NT968,163,in use,2026-08-12 08:43:06,Mazda,i30,2020,Red,VIN000111,EV
112,QX747,255,in use,2026-03-11 20:51:24,Mazda,Ranger,2022,Black,VIN000112,Petrol
113,DA576,321,available for use,2026-10-14 09:42:12,Ford,CX-5,2024,Blue,VIN000113,Petrol
114,KL673,327,in use,2026-09-06 18:59:43,Ford,Sportage,2022,Silver,VIN000114,Petrol
115,JJ618,282,in use,2026-01-03 09:08:51,Toyota,Sportage,2023,Silver,VIN000115,EV
116,XS730,15,available for use,2026-03-17 08:21:22,Hyundai,i30,2025,Blue,VIN000116,Petrol
117,UE593,80,in use,2026-12-13 10:35:10,Mazda,i30,2025,Blue,VIN000117,Petrol
118,QJ678,348,in use,2026-07-28 02:48:52,Toyota,Ranger,2023,Silver,VIN000118,Petrol
119,EI960,16,in use,2026-05-26 17:29:51,Kia,CX-5,2020,Red,VIN000119,EV
120,FT219,158,available for use,2026-05-03 03:20:48,Kia,Corolla,2022,Blue,VIN000120,Petrol
121,PH480,232,available for use,2026-04-28 12:42:14,Ford,CX-5,2022,Black,VIN000121,Petrol
122,LZ138,104,out of fleet,2026-06-22 08:16:27,Mazda,Corolla,2025,Red,VIN000122,Diesel
123,GK595,269,in use,2026-05-08 03:00:39,Ford,Corolla,2026,Black,VIN000123,Diesel
124,XB570,199,available for use,2026-07-22 20:36:25,Toyota,Corolla,2022,White,VIN000124,Petrol
125,KO147,53,in use,2026-09-13 22:10:43,Kia,i30,2018,Red,VIN000125,Hybrid
126,UG428,103,in use,2026-04-18 10:33:38,Mazda,i30,2025,White,VIN000126,Hybrid
127,EF380,59,in use,2026-08-30 22:16:04,Mazda,CX-5,2019,Black,VIN000127,Hybrid
128,RK377,73,out of fleet,2026-11-09 05:50:58,Hyundai,CX-5,2021,Black,VIN000128,Petrol
129,JT446,277,in use,2026-02-20 12:22:39,Toyota,Model 3,2018,White,VIN000129,EV
130,BC536,201,in use,2026-08-20 12:15:13,Mazda,Sportage,2025,Red,VIN000130,Hybrid
131,JK937,102,available for use,2026-09-18 12:57:50,Mazda,Corolla,2025,Red,VIN000131,Diesel
132,CZ815,240,in use,2026-05-01 13:03:36,Kia,Sportage,2025,Blue,VIN000132,Diesel
133,HE981,316,in use,2026-05-22 03:35:36,Tesla,Ranger,2023,Silver,VIN000133,EV
134,PA166,244,in use,2026-07-05 21:21:38,Tesla,Ranger,2022,Silver,VIN000134,Diesel
135,QD515,55,in use,2026-09-10 05:19:33,Toyota,i30,2026,Blue,VIN000135,EV
136,SN344,318,in use,2026-03-03 18:10:35,Tesla,Model 3,2019,Silver,VIN000136,Diesel
137,WS541,223,in use,2026-05-13 21:32:34,Mazda,Sportage,2021,Black,VIN000137,Petrol
138,XW687,250,in use,2026-08-20 11:49:34,Tesla,i30,2026,White,VIN000138,EV
139,FJ515,36,in use,2026-09-24 05:24:14,Mazda,Model 3,2023,Blue,VIN000139,Petrol
140,CG936,72,available for use,2026-12-17 18:57:22,Kia,Corolla,2020,Black,VIN000140,EV
141,RJ499,316,in use,2026-03-17 23:44:42,Ford,Sportage,2023,Silver,VIN000141,Hybrid
142,NW452,46,in use,2026-08-26 11:30:24,Mazda,Model 3,2020,Silver,VIN000142,Petrol
143,LR154,1,available for use,2026-11-15 17:58:30,Hyundai,Corolla,2022,White,VIN000143,Diesel
144,NW704,202,in use,2026-10-04 10:12:40,Tesla,Model 3,2024,Blue,VIN000144,Diesel
145,VF586,72,in use,2026-05-30 08:41:08,Hyundai,Model 3,2020,Silver,VIN000145,Diesel
146,EA173,332,in use,2026-10-08 03:22:08,Tesla,Sportage,2024,Black,VIN000146,Petrol
147,EU925,213,available for use,2026-12-14 00:47:32,Kia,CX-5,2024,Red,VIN000147,Diesel
148,OQ534,283,available for use,2026-05-30 09:48:03,Hyundai,Ranger,2020,Blue,VIN000148,Petrol
149,SP967,122,available for use,2026-04-15 13:35:45,Tesla,CX-5,2023,White,VIN000149,Petrol
150,SP821,189,in use,2026-07-07 00:12:43,Kia,Corolla,2020,Red,VIN000150,Hybrid
151,OQ180,268,available for use,2026-02-04 08:22:47,Ford,Model 3,2019,Red,VIN000151,Hybrid
152,TB451,274,available for use,2026-07-02 02:10:26,Tesla,CX-5,2025,Red,VIN000152,Hybrid
153,NL917,151,in use,2026-01-14 17:15:51,Kia,CX-5,2022,Red,VIN000153,Hybrid
154,BU584,297,in use,2026-01-21 01:07:55,Kia,i30,2018,Silver,VIN000154,EV
155,CE617,40,available for use,2026-04-18 21:44:18,Hyundai,Ranger,2022,Silver,VIN000155,Hybrid
156,AX214,310,in use,2026-08-18 19:41:50,Kia,Ranger,2025,Silver,VIN000156,Diesel
157,IZ817,121,in use,2026-11-07 10:41:13,Mazda,Corolla,2023,White,VIN000157,Diesel
158,TE957,254,available for use,2026-06-10 08:57:11,Tesla,Ranger,2025,Black,VIN000158,Diesel
159,SX962,177,in use,2026-04-13 16:20:40,Toyota,Corolla,2020,Blue,VIN000159,EV
160,PJ587,273,in use,2026-09-23 10:46:28,Kia,Model 3,2025,Silver,VIN000160,Diesel
161,QN112,148,out of fleet,2026-06-24 07:18:41,Tesla,Sportage,2023,Red,VIN000161,Petrol
162,DR752,182,out of fleet,2026-06-17 16:32:09,Mazda,Sportage,2022,Silver,VIN000162,Hybrid
163,IZ200,131,available for use,2026-06-01 21:49:02,Tesla,Sportage,2021,Red,VIN000163,Diesel
164,QK793,93,in use,2026-01-05 02:35:38,Kia,Corolla,2019,White,VIN000164,EV
165,DQ206,229,in use,2026-10-09 15:49:33,Hyundai,i30,2021,White,VIN000165,Petrol
166,TC158,305,available for use,2026-11-21 11:02:36,Ford,CX-5,2019,White,VIN000166,Petrol
167,TE484,337,available for use,2026-09-09 14:55:12,Mazda,Ranger,2019,Black,VIN000167,Hybrid
168,JO776,39,in use,2026-12-25 08:08:39,Hyundai,Model 3,2023,,VIN000168,Diesel
169,YC383,32,in use,2026-05-10 04:34:00,Toyota,i30,2022,Black,VIN000169,EV
170,CP305,313,in use,2026-09-08 16:20:21,Tesla,Corolla,2020,Red,VIN000170,EV
171,GT758,55,out of fleet,2026-10-05 20:00:51,Hyundai,Corolla,2018,White,VIN000171,Petrol
172,SX356,229,in use,2026-07-13 06:54:47,Ford,Sportage,2018,White,VIN000172,EV
173,IE816,169,out of fleet,2026-08-12 04:02:07,Toyota,CX-5,2025,Blue,VIN000173,EV
174,MX899,36,in use,2026-01-02 06:49:36,Tesla,Sportage,2025,White,VIN000174,Hybrid
175,KV410,206,in use,2026-09-09 07:10:14,Toyota,i30,2026,Silver,VIN000175,Petrol
176,OY884,149,in use,2026-03-10 14:12:06,Mazda,Corolla,2024,Black,VIN000176,Hybrid
177,WM209,323,available for use,2026-07-08 22:32:30,Toyota,Sportage,2025,Black,VIN000177,Diesel
178,BG125,304,in use,2026-05-31 23:34:33,Toyota,CX-5,2022,Blue,VIN000178,EV
179,AB447,29,in use,2026-10-08 00:19:07,Toyota,Model 3,2019,Black,VIN000179,EV
180,VR252,297,in use,2026-01-28 23:24:02,Toyota,Sportage,2020,Blue,VIN000180,Petrol
181,PT146,125,available for use,2026-02-20 16:41:59,Toyota,Ranger,2018,Silver,VIN000181,Petrol
182,OT274,303,in use,2026-11-14 11:22:34,Toyota,Corolla,2025,Red,VIN000182,Diesel
183,CZ307,219,in use,2026-11-21 15:06:53,Kia,Sportage,2024,Silver,VIN000183,Petrol
184,VS658,71,in use,2026-11-05 00:14:36,Ford,Corolla,2020,Silver,VIN000184,Petrol
185,DI244,213,in use,2026-05-24 15:58:21,Mazda,Ranger,2025,Black,VIN000185,Petrol
186,ED910,324,in use,2026-10-30 00:19:54,Ford,Corolla,2025,White,VIN000186,Petrol
187,AF191,334,in use,2026-04-21 04:34:10,Tesla,Sportage,2025,Black,VIN000187,Diesel
188,EU377,268,in use,2026-04-03 22:00:23,Ford,CX-5,2018,Red,VIN000188,Diesel
189,WP726,46,in use,2026-10-31 22:12:09,Hyundai,i30,2024,White,VIN000189,Diesel
190,GD642,49,in use,2026-12-02 01:14:10,Mazda,CX-5,2021,Blue,VIN000190,Diesel
191,IB298,58,available for use,2026-09-24 02:56:04,Tesla,Model 3,2020,Black,VIN000191,Petrol
192,BU472,146,in use,2026-04-08 15:02:52,Hyundai,CX-5,2025,White,VIN000192,Petrol
193,XB650,91,in use,2026-01-12 06:54:27,Tesla,CX-5,2019,White,VIN000193,Diesel
194,XO706,297,in use,2026-03-19 04:29:50,Kia,Sportage,2023,Black,VIN000194,Petrol
195,KH200,122,available for use,2026-12-04 19:55:40,Ford,Model 3,2021,White,VIN000195,EV
196,SP155,224,in use,2026-12-27 08:32:05,Mazda,Model 3,2020,Blue,VIN000196,Hybrid
197,EO837,100,in use,2026-04-15 17:44:06,Ford,i30,2020,White,VIN000197,Petrol
198,IE213,239,in use,2026-03-08 11:42:42,Hyundai,Ranger,2022,Red,VIN000198,Diesel
199,ZZ753,314,out of fleet,2026-08-13 12:28:56,Mazda,Ranger,2019,Blue,VIN000199,EV
200,GS584,237,in use,2026-10-11 12:15:31,Tesla,Sportage,2021,Black,VIN000200,Hybrid
201,NS327,303,out of fleet,2026-12-21 20:48:40,Mazda,Corolla,2024,White,VIN000201,Petrol
202,PX887,259,in use,2026-07-26 06:24:47,Tesla,Model 3,2019,Blue,VIN000202,EV
203,HC671,7,available for use,2026-06-07 21:57:18,Ford,Ranger,2023,Silver,VIN000203,Diesel
204,UC116,246,available for use,2026-03-04 20:06:42,Kia,Model 3,2018,Blue,VIN000204,EV
205,YE995,208,in use,2026-12-05 11:27:05,Hyundai,Sportage,2025,White,VIN000205,Petrol
206,MW440,272,in use,2026-06-15 09:41:48,Hyundai,Sportage,2026,Red,VIN000206,Diesel
207,ZV182,318,available for use,2026-10-13 17:47:15,Toyota,CX-5,2023,White,VIN000207,Petrol
208,ML576,317,in use,2026-05-23 07:24:11,Ford,Sportage,2026,White,VIN000208,Diesel
209,EK344,277,in use,2026-07-05 19:52:56,Kia,CX-5,2021,Black,VIN000209,Hybrid
210,LI615,349,in use,2026-01-22 03:36:14,Toyota,i30,2023,Blue,VIN000210,EV
211,QQ949,63,in use,2026-07-26 13:42:32,Kia,CX-5,2022,Blue,VIN000211,Hybrid
212,ZV809,34,in use,2026-12-10 07:16:52,Tesla,Corolla,2019,Blue,VIN000212,Diesel
213,JC211,85,in use,2026-09-28 17:16:34,Ford,Model 3,2020,Black,VIN000213,Petrol
214,JN798,278,out of fleet,2026-07-04 01:06:50,Hyundai,Model 3,2025,White,VIN000214,Hybrid
215,GC122,119,available for use,2026-07-21 19:12:50,Kia,i30,2024,Red,VIN000215,Hybrid
216,UU905,168,in use,2026-09-16 14:13:17,Kia,CX-5,2026,Blue,VIN000216,EV
217,JS235,157,in use,2026-04-11 23:26:42,Ford,Model 3,2023,Silver,VIN000217,Petrol
218,EL391,234,out of fleet,2026-08-29 06:03:05,Ford,Sportage,2026,Silver,VIN000218,Diesel
219,FW809,342,available for use,2026-03-04 15:00:10,Ford,Corolla,2018,Silver,VIN000219,Diesel
220,OI478,95,in use,2026-10-02 14:58:12,Toyota,Sportage,2023,Silver,VIN000220,Diesel
221,LO652,84,in use,2026-02-17 04:22:08,Toyota,Model 3,2025,Black,VIN000221,EV
222,KE104,280,out of fleet,2026-05-09 15:45:33,Kia,Sportage,2022,Blue,VIN000222,Hybrid
223,YS782,76,available for use,2026-10-10 22:31:12,Tesla,i30,2019,Blue,VIN000223,Petrol
224,EV664,60,in use,2026-06-05 23:27:43,Mazda,Ranger,2025,Silver,VIN000224,Petrol
225,KB722,329,in use,2026-07-24 10:43:08,Ford,i30,2021,White,VIN000225,Petrol
226,RO793,344,out of fleet,2026-07-18 18:12:19,Tesla,Ranger,2025,Silver,VIN000226,Petrol
227,VL507,76,available for use,2026-06-16 01:53:53,Hyundai,Model 3,2023,White,VIN000227,Hybrid
228,LL415,229,available for use,2026-02-04 00:28:42,Ford,Sportage,2025,Blue,VIN000228,EV
229,JF925,218,available for use,2026-06-10 20:33:57,Ford,CX-5,2019,Black,VIN000229,Diesel
230,JP988,269,out of fleet,2026-01-26 16:14:37,Mazda,Model 3,2019,White,VIN000230,EV
231,UI524,90,in use,2026-10-03 19:58:54,Mazda,Ranger,2021,Black,VIN000231,EV
232,JR602,22,available for use,2026-04-28 06:46:40,Mazda,i30,2025,Red,VIN000232,EV
233,HA910,2,in use,2026-04-27 13:46:53,Kia,Sportage,2025,White,VIN000233,Hybrid
234,NF603,331,in use,2026-02-16 08:27:57,Hyundai,Model 3,2019,Red,VIN000234,Hybrid
235,SP679,224,available for use,2026-09-01 21:20:50,Kia,Model 3,2019,Silver,VIN000235,Petrol
236,IF695,30,in use,2026-06-29 01:14:28,Kia,Ranger,2023,Black,VIN000236,Petrol
237,IL529,326,out of fleet,2026-05-19 06:00:51,Toyota,i30,2022,Red,VIN000237,Petrol
238,QG884,322,in use,2026-02-06 16:53:04,Mazda,Ranger,2026,Silver,VIN000238,Hybrid
239,VZ408,139,available for use,2026-09-25 07:51:20,Hyundai,Corolla,2026,Red,VIN000239,Hybrid
240,EA240,266,in use,2026-10-30 11:00:54,Tesla,Model 3,2023,Black,VIN000240,Petrol
241,GE615,114,available for use,2026-11-05 18:55:54,Mazda,CX-5,2026,Red,VIN000241,Petrol
242,NO178,60,available for use,2026-12-25 14:48:09,Toyota,Model 3,2023,Silver,VIN000242,Hybrid
243,EO711,268,available for use,2026-05-13 20:05:30,Ford,Sportage,2022,White,VIN000243,Petrol
244,HE977,73,available for use,2026-04-30 09:26:22,Ford,Ranger,2020,White,VIN000244,EV
245,WY902,58,in use,2026-10-28 20:39:20,Tesla,Model 3,2018,Black,VIN000245,Petrol
246,BZ775,263,in use,2026-07-02 04:09:51,Toyota,i30,2018,White,VIN000246,Hybrid
247,VA872,50,available for use,2026-12-24 07:56:08,Mazda,Ranger,2021,Black,VIN000247,Hybrid
248,AC249,143,out of fleet,2026-05-16 02:04:17,Hyundai,Ranger,2026,Red,VIN000248,Diesel
249,QS169,51,available for use,2026-10-24 09:57:00,Toyota,CX-5,2021,Black,VIN000249,Hybrid
250,FY650,3,out of fleet,2026-02-08 07:49:03,Ford,CX-5,2025,Silver,VIN000250,Diesel
251,OV209,93,available for use,2026-05-28 10:16:07,Tesla,Ranger,2026,Black,VIN000251,EV
252,DY421,64,in use,2026-07-21 20:12:43,Ford,Model 3,2023,Silver,VIN000252,Petrol
253,CK605,60,in use,2026-06-27 11:02:35,Mazda,Sportage,2022,Blue,VIN000253,Diesel
254,RN397,220,in use,2026-01-28 00:48:15,Tesla,Sportage,2023,Black,VIN000254,Petrol
255,VP788,54,in use,2026-07-22 23:33:59,Kia,Sportage,2019,White,VIN000255,Diesel
256,MM811,303,out of fleet,2026-10-15 22:38:54,Ford,Corolla,2023,Black,VIN000256,Hybrid
257,GT964,207,in use,2026-11-22 11:44:35,Tesla,Sportage,2025,Silver,VIN000257,Hybrid
258,YZ920,330,out of fleet,2026-05-19 07:04:02,Tesla,Sportage,2024,Blue,VIN000258,Hybrid
259,EY565,56,in use,2026-07-10 00:59:32,Tesla,Ranger,2020,White,VIN000259,Petrol
260,XB950,35,in use,2026-01-11 09:19:03,Ford,Model 3,2023,Black,VIN000260,Hybrid
261,TT198,40,available for use,2026-07-21 22:16:30,Tesla,Model 3,2021,Silver,VIN000261,EV
262,PQ367,278,in use,2026-11-30 20:43:36,Mazda,CX-5,2018,White,VIN000262,EV
263,DM560,162,available for use,2026-06-21 20:55:20,Tesla,Corolla,2018,Black,VIN000263,Hybrid
264,WF603,221,in use,2026-10-05 23:01:25,Tesla,Model 3,2019,Red,VIN000264,EV
265,VR801,277,in use,2026-07-04 19:48:45,Mazda,Ranger,2026,White,VIN000265,EV
266,IP705,194,in use,2026-05-17 23:59:47,Hyundai,i30,2018,White,VIN000266,Petrol
267,EL457,299,in use,2026-12-13 03:55:04,Kia,i30,2024,White,VIN000267,EV
268,LL521,180,in use,2026-04-05 20:22:41,Ford,Ranger,2022,Red,VIN000268,Petrol
269,WC989,157,in use,2026-03-07 22:27:26,Toyota,CX-5,2023,White,VIN000269,EV
270,VN681,264,out of fleet,2026-04-14 13:04:05,Toyota,Sportage,2025,Red,VIN000270,Petrol
271,KM684,200,in use,2026-02-07 22:52:09,Tesla,Corolla,2021,Silver,VIN000271,EV
272,QZ883,342,in use,2026-08-27 18:36:40,Hyundai,i30,2024,Black,VIN000272,EV
273,UZ177,275,in use,2026-04-13 23:25:28,Toyota,i30,2024,Black,VIN000273,Petrol
274,WS197,304,in use,2026-01-27 02:59:59,Mazda,CX-5,2025,Blue,VIN000274,Diesel
275,LZ178,334,available for use,2026-07-15 23:34:52,Hyundai,Model 3,2026,Silver,VIN000275,Diesel
276,NM357,320,in use,2026-09-18 19:23:42,Mazda,Ranger,2018,Red,VIN000276,Diesel
277,SP318,339,out of fleet,2026-10-16 05:52:48,Tesla,i30,2026,Red,VIN000277,EV
278,SX741,31,in use,2026-05-22 11:17:09,Tesla,Ranger,2021,Black,VIN000278,Hybrid
279,NN426,33,in use,2026-11-25 12:59:01,Tesla,i30,2022,Black,VIN000279,Hybrid
280,VT341,208,in use,2026-02-28 05:44:58,Ford,Corolla,2021,Silver,VIN000280,EV
281,PR546,217,in use,2026-01-15 08:53:59,Ford,Ranger,2022,Black,VIN000281,Petrol
282,IZ922,143,available for use,2026-03-10 08:18:04,Kia,Corolla,2025,White,VIN000282,Petrol
283,CK716,153,available for use,2026-12-16 17:57:58,Tesla,i30,2019,Blue,VIN000283,Diesel
284,HD684,257,out of fleet,2026-07-22 16:59:49,Kia,CX-5,2026,Silver,VIN000284,EV
285,CH714,63,available for use,2026-05-02 17:11:45,Hyundai,CX-5,2024,Black,VIN000285,EV
286,GE209,90,in use,2026-04-17 14:57:59,Tesla,Model 3,2022,Red,VIN000286,Petrol
287,PR483,58,in use,2026-06-14 13:55:41,Tesla,Sportage,2021,Silver,VIN000287,Diesel
288,LP832,189,available for use,2026-01-09 04:25:33,Kia,CX-5,2018,White,VIN000288,Diesel
289,IR493,159,in use,2026-09-30 02:13:18,Hyundai,Sportage,2019,Red,VIN000289,Diesel
290,OM108,202,out of fleet,2026-12-23 11:41:48,Hyundai,i30,2019,Black,VIN000290,Hybrid
291,GF549,324,in use,2026-11-12 10:41:52,Kia,Model 3,2018,Silver,VIN000291,Petrol
292,YP582,212,out of fleet,2026-05-10 05:11:44,Kia,Model 3,2019,Black,VIN000292,Hybrid
293,QC460,216,in use,2026-11-12 21:41:56,Mazda,Sportage,2023,Blue,VIN000293,Petrol
294,YB756,329,in use,2026-06-22 04:50:01,Kia,Ranger,2018,Blue,VIN000294,Diesel
295,UJ421,295,in use,2026-03-03 07:00:42,Ford,CX-5,2020,Red,VIN000295,EV
296,ZK562,245,available for use,2026-02-21 20:24:05,Hyundai,Ranger,2023,Silver,VIN000296,Diesel
297,CN476,94,in use,2026-05-27 12:52:39,Mazda,Ranger,2018,White,VIN000297,Diesel
298,CO303,135,available for use,2026-03-07 12:55:10,Toyota,Model 3,2024,Red,VIN000298,Hybrid
299,EC476,88,out of fleet,2026-02-15 13:47:10,Toyota,Sportage,2026,Blue,VIN000299,EV
300,VP221,115,available for use,2026-03-16 00:00:01,Hyundai,i30,2025,Blue,VIN000300,Diesel
301,NG714,111,out of fleet,2026-04-20 21:26:45,Kia,Sportage,2021,Blue,VIN000301,Diesel
302,NZ249,15,in use,2026-04-12 16:08:52,Ford,CX-5,2025,Black,VIN000302,Hybrid
303,SV762,235,in use,2026-07-02 02:17:36,Ford,i30,2024,Black,VIN000303,EV
304,WN853,306,in use,2026-02-07 00:04:06,Mazda,Corolla,2018,Silver,VIN000304,Diesel
305,PL720,344,out of fleet,2026-08-21 07:55:37,Kia,Sportage,2018,White,VIN000305,Hybrid
306,QT490,155,out of fleet,2026-09-18 16:36:55,Hyundai,Ranger,2026,White,VIN000306,Diesel
307,IF615,253,out of fleet,2026-12-07 22:35:26,Tesla,Ranger,2019,Silver,VIN000307,EV
308,EI219,161,in use,2026-02-19 15:50:55,Tesla,i30,2023,Blue,VIN000308,Hybrid
309,IT949,136,in use,2026-06-19 05:43:14,Ford,i30,2025,Black,VIN000309,EV
310,BG252,28,in use,2026-01-14 22:15:37,Tesla,i30,2020,Blue,VIN000310,EV
311,DP141,227,in use,2026-10-03 08:37:50,Mazda,Model 3,2025,Blue,VIN000311,Petrol
312,XE226,179,in use,2026-12-04 03:57:35,Hyundai,Ranger,2020,Red,VIN000312,Hybrid
313,SV699,109,in use,2026-01-02 14:27:16,Mazda,CX-5,2020,Blue,VIN000313,Petrol
314,HY610,347,in use,2026-05-08 15:18:45,Toyota,i30,2019,Blue,VIN000314,Hybrid
315,SD957,166,in use,2026-02-01 11:33:50,Tesla,Sportage,2025,Blue,VIN000315,Hybrid
316,TV105,169,out of fleet,2026-09-12 19:58:24,Mazda,Model 3,2023,Red,VIN000316,Diesel
317,GB920,330,in use,2026-11-06 23:16:08,Toyota,Sportage,2019,Red,VIN000317,EV
318,CM361,92,in use,2026-10-27 09:05:56,Tesla,Corolla,2018,Black,VIN000318,Diesel
319,MY512,146,in use,2026-09-12 00:19:16,Ford,Corolla,2022,Blue,VIN000319,EV
320,XZ417,309,in use,2026-09-16 11:05:55,Toyota,i30,2026,Black,VIN000320,EV
321,OM587,138,in use,2026-06-14 07:18:13,Toyota,Model 3,2023,Red,VIN000321,Diesel
322,NU536,48,in use,2026-05-13 17:17:34,Tesla,Sportage,2021,Black,VIN000322,EV
323,QU762,269,in use,2026-07-01 20:07:08,Tesla,Corolla,2025,Silver,VIN000323,Diesel
324,EV407,128,in use,2026-04-25 18:05:18,Mazda,Corolla,2026,White,VIN000324,Petrol
325,QD622,218,in use,2026-06-30 10:54:44,Kia,Sportage,2022,Silver,VIN000325,Hybrid
326,SC887,258,in use,2026-10-15 14:06:39,Kia,Model 3,2020,Black,VIN000326,EV
327,BC526,153,in use,2026-10-09 05:03:05,Tesla,Sportage,2025,Red,VIN000327,Hybrid
328,KZ291,109,in use,2026-10-18 02:49:04,Mazda,i30,2019,Blue,VIN000328,Petrol
329,AM219,7,in use,2026-07-05 07:04:46,Tesla,Sportage,2024,Red,VIN000329,EV
330,JT932,316,in use,2026-09-19 16:18:01,Kia,Sportage,2024,Silver,VIN000330,Petrol
331,EE114,98,in use,2026-01-07 04:03:40,Kia,Ranger,2018,Black,VIN000331,EV
332,UE765,124,in use,2026-09-01 03:17:39,Mazda,Ranger,2019,Silver,VIN000332,EV
333,EP532,12,in use,2026-12-17 11:07:14,Ford,Sportage,2025,Blue,VIN000333,EV
334,AO699,125,in use,2026-08-10 03:28:35,Tesla,Corolla,2023,White,VIN000334,Petrol
335,UW542,213,available for use,2026-10-14 06:04:04,Mazda,CX-5,2026,Silver,VIN000335,Petrol
336,PM597,263,in use,2026-08-26 11:32:57,Kia,Model 3,2021,White,VIN000336,Petrol
337,NS423,284,in use,2026-12-13 18:13:07,Kia,Model 3,2025,White,VIN000337,EV
338,TU455,230,available for use,2026-01-09 01:56:04,Ford,i30,2021,Blue,VIN000338,Hybrid
339,OH619,113,in use,2026-09-24 00:25:16,Hyundai,CX-5,2025,Black,VIN000339,Hybrid
340,XW499,214,available for use,2026-09-19 09:48:52,Kia,Sportage,2023,Blue,VIN000340,Diesel
341,TG389,45,available for use,2026-02-20 03:16:01,Ford,Ranger,2020,Red,VIN000341,EV
342,DZ525,253,in use,2026-03-23 08:03:23,Mazda,Corolla,2018,Silver,VIN000342,Hybrid
343,LV262,90,available for use,2026-12-14 08:56:52,Mazda,Corolla,2019,Silver,VIN000343,EV
344,DT332,62,in use,2026-07-08 21:15:11,Hyundai,i30,2023,White,VIN000344,Hybrid
345,EW994,264,in use,2026-02-10 10:40:26,Kia,Corolla,2025,Blue,VIN000345,Petrol
346,DZ725,313,available for use,2026-02-09 13:28:44,Mazda,Corolla,2026,White,VIN000346,Diesel
347,UD991,106,out of fleet,2026-03-02 23:38:57,Kia,i30,2025,Red,VIN000347,EV
348,XD257,332,in use,2026-11-15 03:07:54,Ford,Corolla,2021,Blue,VIN000348,EV
349,YY106,126,available for use,2026-07-03 22:51:44,Hyundai,i30,2026,Black,VIN000349,Petrol
350,IL832,213,in use,2026-09-16 06:12:18,Ford,Ranger,2026,Blue,VIN000350,Diesel
351,EZ539,212,out of fleet,2026-12-15 18:34:29,Tesla,CX-5,2023,White,VIN000351,EV
352,EY110,265,out of fleet,2026-02-02 22:11:24,Hyundai,i30,2024,Black,VIN000352,EV
353,BM877,19,available for use,2026-09-07 02:53:39,Ford,CX-5,2018,Red,VIN000353,Hybrid
354,NM797,284,available for use,2026-10-08 05:20:35,Kia,i30,2023,White,VIN000354,Hybrid
355,QT250,207,in use,2026-03-21 15:59:00,Mazda,CX-5,2025,Silver,VIN000355,EV
356,YG408,44,in use,2026-05-10 21:42:00,Tesla,Sportage,2020,Red,VIN000356,Hybrid
357,GC623,283,in use,2026-05-13 07:38:12,Kia,Ranger,2018,White,VIN000357,Hybrid
358,HY411,217,out of fleet,2026-02-12 21:23:35,Kia,Corolla,2023,Silver,VIN000358,Hybrid
359,DB874,334,out of fleet,2026-06-24 06:31:51,Hyundai,CX-5,2018,Blue,VIN000359,Hybrid
360,HZ863,298,in use,2026-12-14 07:50:33,Kia,Sportage,2026,Red,VIN000360,Diesel
361,LJ391,342,available for use,2026-10-05 14:55:35,Mazda,Sportage,2020,Blue,VIN000361,Diesel
362,DK628,299,in use,2026-10-30 08:36:26,Hyundai,Model 3,2019,Black,VIN000362,EV
363,NC194,32,in use,2026-02-20 12:16:40,Tesla,Ranger,2025,White,VIN000363,Hybrid
364,VQ512,302,in use,2026-10-30 11:10:21,Tesla,i30,2025,,VIN000364,EV
365,WP849,214,available for use,2026-02-26 01:24:14,Mazda,Ranger,2025,Blue,VIN000365,Diesel
366,WQ983,271,in use,2026-03-24 13:58:19,Tesla,Model 3,2018,Black,VIN000366,Hybrid
367,DT972,210,in use,2026-05-24 12:47:27,Mazda,i30,2018,Red,VIN000367,Diesel
368,DL412,192,in use,2026-07-08 17:09:15,Toyota,Ranger,2020,Red,VIN000368,EV
369,BJ390,111,in use,2026-10-15 06:08:02,Tesla,Corolla,2019,Red,VIN000369,Hybrid
370,CB527,247,in use,2026-08-08 17:18:08,Tesla,i30,2024,Blue,VIN000370,Diesel
371,YE616,326,in use,2026-06-24 17:38:45,Kia,Model 3,2020,Silver,VIN000371,Petrol
372,ZT780,320,in use,2026-04-01 10:03:39,Tesla,i30,2026,White,VIN000372,EV
373,XI761,46,available for use,2026-10-02 15:39:43,Toyota,CX-5,2022,Red,VIN000373,Petrol
374,UR187,99,out of fleet,2026-07-30 10:15:43,Mazda,Corolla,2026,Black,VIN000374,EV
375,QA223,338,out of fleet,2026-03-11 19:19:47,Toyota,i30,2021,Black,VIN000375,EV
376,CZ646,311,in use,2026-08-17 16:52:51,Toyota,Model 3,2018,Silver,VIN000376,EV
377,FN124,271,in use,2026-04-10 21:04:14,Toyota,Corolla,2019,Red,VIN000377,Diesel
378,JE287,131,available for use,2026-03-01 21:30:11,Hyundai,Model 3,2020,White,VIN000378,Hybrid
379,FA830,30,in use,2026-02-08 08:21:46,Hyundai,Ranger,2024,Silver,VIN000379,Hybrid
380,MD153,104,in use,2026-08-20 20:29:10,Mazda,Ranger,2025,Red,VIN000380,EV
381,DI162,163,in use,2026-06-08 02:13:39,Toyota,Model 3,2018,Blue,VIN000381,Diesel
382,AI667,301,available for use,2026-04-06 15:49:56,Mazda,Sportage,2020,Silver,VIN000382,EV
383,OC966,326,in use,2026-11-01 00:59:06,Ford,i30,2026,Black,VIN000383,Diesel
384,RN668,232,in use,2026-11-12 14:23:18,Tesla,CX-5,2022,Black,VIN000384,Petrol
385,BP379,307,in use,2026-09-22 02:02:19,Tesla,i30,2021,Red,VIN000385,Hybrid
386,BF856,274,in use,2026-04-27 18:09:09,Toyota,Model 3,2019,Black,VIN000386,Hybrid
387,NG725,259,out of fleet,2026-05-04 14:48:27,Kia,i30,2022,Blue,VIN000387,Hybrid
388,HV429,175,in use,2026-08-21 19:52:20,Hyundai,Corolla,2020,White,VIN000388,EV
389,AA788,89,in use,2026-12-14 16:30:15,Kia,Sportage,2025,Blue,VIN000389,Petrol
390,ZU766,40,in use,2026-12-13 15:22:32,Kia,Model 3,2019,Silver,VIN000390,EV
391,TL496,91,available for use,2026-11-12 07:10:26,Kia,Corolla,2019,Blue,VIN000391,Hybrid
392,GO109,114,available for use,2026-10-22 12:59:45,Hyundai,Sportage,2023,Black,VIN000392,Petrol
393,TU410,114,in use,2026-07-11 18:37:49,Hyundai,Corolla,2022,Blue,VIN000393,Diesel
394,AG940,327,in use,2026-12-04 20:12:25,Hyundai,CX-5,2026,Blue,VIN000394,Diesel
395,RG775,290,available for use,2026-08-23 04:06:41,Mazda,Ranger,2019,Red,VIN000395,Diesel
396,XC230,133,out of fleet,2026-11-29 05:38:30,Ford,CX-5,2022,Black,VIN000396,Petrol
397,WV645,315,in use,2026-08-06 12:39:33,Tesla,Corolla,2024,White,VIN000397,Hybrid
398,NN380,63,available for use,2026-07-01 04:54:12,Tesla,i30,2026,White,VIN000398,Diesel
399,BI530,273,in use,2026-01-03 00:05:16,Tesla,Ranger,2023,White,VIN000399,Petrol
400,XH806,217,out of fleet,2026-12-23 03:00:53,Ford,Ranger,2020,Silver,VIN000400,Hybrid
401,CU740,50,in use,2026-06-17 18:03:21,Toyota,CX-5,2023,Silver,VIN000401,Diesel
402,DP344,175,available for use,2026-11-16 02:10:55,Hyundai,CX-5,2021,White,VIN000402,EV
403,YD740,229,in use,2026-02-03 05:14:28,Toyota,Corolla,2024,Silver,VIN000403,Petrol
404,ZE163,227,in use,2026-08-26 04:29:48,Kia,Model 3,2019,White,VIN000404,Petrol
405,RB401,196,in use,2026-08-28 17:40:17,Tesla,Ranger,2018,Blue,VIN000405,EV
406,OZ538,318,in use,2026-05-12 21:27:17,Kia,Sportage,2018,Blue,VIN000406,Hybrid
407,SG210,53,in use,2026-10-05 00:25:56,Toyota,CX-5,2021,Red,VIN000407,Diesel
408,UQ362,182,in use,2026-10-09 09:58:34,Mazda,Model 3,2020,Black,VIN000408,Diesel
409,ZB161,66,in use,2026-06-19 06:23:56,Mazda,Sportage,2023,Silver,VIN000409,Diesel
410,EP416,309,in use,2026-05-24 05:44:40,Toyota,CX-5,2020,White,VIN000410,Diesel
411,QR979,28,in use,2026-03-17 21:19:35,Ford,Sportage,2021,White,VIN000411,Hybrid
412,GV587,240,in use,2026-05-09 14:29:56,Mazda,CX-5,2023,Red,VIN000412,Hybrid
413,NK266,54,in use,2026-11-03 11:47:48,Toyota,Model 3,2021,White,VIN000413,Diesel
414,WH577,320,in use,2026-07-06 16:52:45,Kia,i30,2024,Black,VIN000414,EV
415,FA471,6,in use,2026-01-12 15:47:03,Mazda,Corolla,2020,Silver,VIN000415,EV
416,GU699,185,in use,2026-01-12 12:41:22,Ford,Ranger,2022,Black,VIN000416,Diesel
417,IX278,174,available for use,2026-04-06 12:33:11,Ford,Ranger,2018,Black,VIN000417,Hybrid
418,DA951,347,in use,2026-09-12 07:49:23,Toyota,i30,2021,Silver,VIN000418,EV
419,HL928,191,available for use,2026-07-24 15:18:47,Mazda,Model 3,2019,White,VIN000419,Diesel
420,EZ294,99,in use,2026-09-27 15:50:50,Hyundai,i30,2024,Black,VIN000420,Petrol
421,YT701,97,available for use,2026-04-25 05:58:54,Ford,i30,2021,White,VIN000421,Hybrid
422,EQ698,251,in use,2026-02-01 14:46:29,Tesla,Sportage,2019,Black,VIN000422,EV
423,YU869,261,in use,2026-07-21 12:25:38,Tesla,Ranger,2023,Silver,VIN000423,EV
424,WP585,138,in use,2026-09-05 19:34:30,Mazda,Sportage,2018,Black,VIN000424,Diesel
425,GO983,121,in use,2026-04-29 20:07:03,Tesla,Model 3,2020,Silver,VIN000425,Hybrid
426,RC237,44,in use,2026-07-21 11:45:34,Hyundai,Ranger,2018,Blue,VIN000426,Hybrid
427,NO578,222,in use,2026-11-09 10:31:30,Tesla,i30,2022,Blue,VIN000427,Petrol
428,FO339,136,in use,2026-05-20 10:59:19,Toyota,i30,2026,Red,VIN000428,Petrol
429,ZI333,51,in use,2026-05-20 21:39:04,Toyota,CX-5,2021,Silver,VIN000429,Diesel
430,VK356,155,available for use,2026-10-26 10:46:45,Kia,i30,2021,Red,VIN000430,Diesel
431,YW857,279,out of fleet,2026-01-04 07:32:29,Hyundai,i30,2023,Blue,VIN000431,EV
432,SY771,7,in use,2026-07-19 02:12:57,Ford,Model 3,2021,Black,VIN000432,Diesel
433,PH628,301,available for use,2026-10-22 05:32:32,Tesla,Sportage,2025,Silver,VIN000433,Petrol
434,KG539,214,in use,2026-06-24 18:02:32,Mazda,Corolla,2023,Black,VIN000434,Diesel
435,JX109,256,available for use,2026-11-21 00:13:45,Hyundai,i30,2021,Blue,VIN000435,EV
436,VY513,276,in use,2026-08-16 22:49:04,Toyota,CX-5,2018,Black,VIN000436,Diesel
437,KS744,309,out of fleet,2026-08-11 20:56:14,Tesla,Model 3,2021,Blue,VIN000437,Petrol
438,RM292,244,in use,2026-08-10 04:15:52,Tesla,Sportage,2022,White,VIN000438,Diesel
439,DV666,91,in use,2026-09-25 14:10:27,Mazda,Model 3,2018,Black,VIN000439,Diesel
440,CM390,106,in use,2026-09-14 03:38:13,Mazda,Corolla,2025,White,VIN000440,Hybrid
441,QA275,168,available for use,2026-06-09 13:30:15,Tesla,Ranger,2019,Black,VIN000441,EV
442,PX170,200,out of fleet,2026-12-03 04:54:14,Ford,Ranger,2021,Silver,VIN000442,EV
443,WV586,82,in use,2026-12-31 17:33:07,Hyundai,CX-5,2021,Red,VIN000443,EV
444,IG107,74,in use,2026-11-17 05:40:01,Tesla,CX-5,2021,Red,VIN000444,Hybrid
445,SP571,237,in use,2026-10-14 08:02:51,Toyota,i30,2025,Silver,VIN000445,Hybrid
446,MT943,90,in use,2026-03-11 17:47:21,Mazda,Sportage,2024,Blue,VIN000446,EV
447,VF815,292,in use,2026-09-29 07:50:27,Toyota,Ranger,2020,Silver,VIN000447,Hybrid
448,VC814,112,out of fleet,2026-06-09 17:23:24,Mazda,Corolla,2023,White,VIN000448,Petrol
449,QY898,167,in use,2026-03-06 00:24:42,Hyundai,Ranger,2026,White,VIN000449,EV
450,AC754,346,available for use,2026-05-29 00:37:38,Hyundai,Sportage,2024,Black,VIN000450,EV
