trip_distance,fare_amount,tip_amount,total_amount,passenger_count,payment_type,pickup_datetime,dropoff_datetime
0.07,0.6,0,0.9,2,2,2018-01-01 20:36:54.000000 UTC,2018-01-01 20:37:01.000000 UTC
0.6,2,0,3.3,1,2,2018-01-08 04:13:11.000000 UTC,2018-01-08 04:14:30.000000 UTC
0.2,2,0,2.8,1,2,2018-01-09 15:09:38.000000 UTC,2018-01-09 15:10:53.000000 UTC
4.43,0.1,0,0.4,1,2,2018-01-26 21:48:50.000000 UTC,2018-01-26 22:05:42.000000 UTC
0.01,0.09,0,0.89,1,2,2018-01-10 23:51:47.000000 UTC,2018-01-10 23:53:17.000000 UTC
1.4,0.01,0,0.31,2,3,2018-01-25 14:32:19.000000 UTC,2018-01-25 14:49:56.000000 UTC
0.1,0.01,0,0.31,1,2,2018-01-18 17:56:44.000000 UTC,2018-01-18 17:57:57.000000 UTC
19.5,0.01,0,0.31,1,3,2018-01-20 15:50:08.000000 UTC,2018-01-20 16:55:14.000000 UTC
0.5,0.01,0,0.31,1,2,2018-01-01 01:26:12.000000 UTC,2018-01-01 01:30:50.000000 UTC
0.2,0.01,0,0.31,2,2,2018-01-16 15:02:38.000000 UTC,2018-01-16 15:03:51.000000 UTC
8.2,0.01,0,0.31,1,4,2018-01-26 19:07:33.000000 UTC,2018-01-26 19:55:51.000000 UTC
0.1,0.01,0,0.31,1,3,2018-01-05 20:35:22.000000 UTC,2018-01-05 20:36:08.000000 UTC
13.3,0.01,0,0.31,1,2,2018-01-30 22:17:02.000000 UTC,2018-01-30 22:40:23.000000 UTC
0.3,0.01,0,0.31,1,2,2018-01-11 20:03:09.000000 UTC,2018-01-11 20:04:14.000000 UTC
0.9,0.01,0,0.31,1,3,2018-01-17 01:46:14.000000 UTC,2018-01-17 02:23:51.000000 UTC
0.1,0.01,0,0.31,1,3,2018-01-15 08:39:29.000000 UTC,2018-01-15 08:40:08.000000 UTC
0.2,0.01,0,0.31,1,3,2018-01-06 18:45:08.000000 UTC,2018-01-06 18:47:48.000000 UTC
0.1,0.01,0,0.31,1,2,2018-01-12 07:54:14.000000 UTC,2018-01-12 07:55:03.000000 UTC
0.4,0.01,0,0.31,4,2,2018-01-12 22:06:44.000000 UTC,2018-01-12 22:08:01.000000 UTC
4.3,0.01,0,0.31,1,2,2018-01-25 00:29:42.000000 UTC,2018-01-25 00:50:04.000000 UTC
17.2,0.01,0,0.31,2,2,2018-01-03 17:33:03.000000 UTC,2018-01-03 18:28:57.000000 UTC
1.5,0.01,0,0.31,1,2,2018-01-11 10:51:51.000000 UTC,2018-01-11 11:15:11.000000 UTC
0.8,0.01,0,0.31,1,3,2018-01-15 14:40:54.000000 UTC,2018-01-15 14:41:51.000000 UTC
0.2,0.01,0,0.31,1,2,2018-01-05 02:17:55.000000 UTC,2018-01-05 04:19:46.000000 UTC
3.1,0.01,0,0.31,1,3,2018-01-24 22:56:58.000000 UTC,2018-01-24 23:20:55.000000 UTC
0.3,0.01,0,0.31,1,3,2018-01-07 16:33:03.000000 UTC,2018-01-07 16:35:23.000000 UTC
0.1,0.01,0,0.31,1,2,2018-01-09 06:54:30.000000 UTC,2018-01-09 06:55:11.000000 UTC
0.3,0.01,0,0.31,1,3,2018-01-08 22:37:06.000000 UTC,2018-01-08 22:46:55.000000 UTC
0.03,0.01,0,0.31,1,2,2018-01-08 10:10:58.000000 UTC,2018-01-08 10:20:51.000000 UTC
0.1,0.01,0,0.31,1,2,2018-01-07 11:51:36.000000 UTC,2018-01-07 11:51:54.000000 UTC
39.16,0.01,0,0.81,2,2,2018-01-03 17:26:24.000000 UTC,2018-01-03 22:06:23.000000 UTC
2.5,0.01,11.8,70.87,1,1,2018-01-31 11:12:52.000000 UTC,2018-01-31 11:25:38.000000 UTC
16.3,0.01,0,11.83,1,2,2018-01-28 01:08:56.000000 UTC,2018-01-28 01:53:15.000000 UTC
3.8,0.01,55,67.81,1,1,2018-01-08 09:40:36.000000 UTC,2018-01-08 09:59:41.000000 UTC
14.6,0.01,0,10.81,4,3,2018-01-02 14:26:02.000000 UTC,2018-01-02 15:03:37.000000 UTC
0.2,0.01,21,21.31,1,1,2018-01-31 12:00:13.000000 UTC,2018-01-31 12:03:29.000000 UTC
2.59,0.05,0,0.35,4,2,2018-01-26 22:25:15.000000 UTC,2018-01-26 22:43:51.000000 UTC
4.77,0.05,0,0.35,5,2,2018-01-28 18:54:09.000000 UTC,2018-01-28 19:31:52.000000 UTC
5.3,128,20,148.3,1,1,2018-01-23 20:47:45.000000 UTC,2018-01-23 20:48:47.000000 UTC
14.7,54.5,0,55.3,2,2,2018-01-07 09:42:05.000000 UTC,2018-01-07 10:53:24.000000 UTC
11.68,54.5,0,55.3,1,2,2018-01-25 13:48:32.000000 UTC,2018-01-25 15:08:17.000000 UTC
17.57,54.5,0,55.3,1,1,2018-01-29 08:12:47.000000 UTC,2018-01-29 09:16:21.000000 UTC
16.29,54.5,0,55.3,1,2,2018-01-12 13:38:45.000000 UTC,2018-01-12 14:12:16.000000 UTC
20.2,54.5,0,55.3,2,2,2018-01-13 18:33:17.000000 UTC,2018-01-13 19:14:16.000000 UTC
16.6,54.5,0,55.3,1,2,2018-01-29 10:07:41.000000 UTC,2018-01-29 11:04:59.000000 UTC
15.95,54.5,0,55.3,1,2,2018-01-08 13:50:41.000000 UTC,2018-01-08 14:48:58.000000 UTC
20.2,54.5,0,61.56,1,2,2018-01-25 00:06:00.000000 UTC,2018-01-25 00:36:21.000000 UTC
20.5,54.5,0,61.56,6,2,2018-01-02 01:31:24.000000 UTC,2018-01-02 01:59:10.000000 UTC
20.4,54.5,0,61.56,1,2,2018-01-08 23:19:41.000000 UTC,2018-01-08 23:50:49.000000 UTC
20.28,54.5,0,61.56,1,2,2018-01-16 22:26:59.000000 UTC,2018-01-16 22:58:18.000000 UTC
19.94,54.5,0,61.56,5,2,2018-01-04 23:31:13.000000 UTC,2018-01-05 00:10:54.000000 UTC
16.14,54.5,8,64.3,5,1,2018-01-22 16:10:07.000000 UTC,2018-01-22 16:49:02.000000 UTC
16.6,54.5,16.7,72.5,1,1,2018-01-02 23:22:43.000000 UTC,2018-01-02 23:50:15.000000 UTC
18.7,54.5,11.06,66.36,1,1,2018-01-02 14:50:10.000000 UTC,2018-01-02 15:48:52.000000 UTC
18.75,54.5,11.06,66.36,1,1,2018-01-03 13:45:22.000000 UTC,2018-01-03 14:36:37.000000 UTC
19.69,54.5,11.06,66.36,5,1,2018-01-14 12:03:00.000000 UTC,2018-01-14 12:39:01.000000 UTC
19.24,54.5,11.06,66.36,1,1,2018-01-15 13:33:20.000000 UTC,2018-01-15 14:22:01.000000 UTC
18.2,54.5,11.06,66.36,2,1,2018-01-01 07:56:09.000000 UTC,2018-01-01 08:43:48.000000 UTC
18.48,54.5,11.06,66.36,2,1,2018-01-09 15:21:52.000000 UTC,2018-01-09 16:13:02.000000 UTC
19.2,54.5,11.06,66.36,1,1,2018-01-07 18:01:46.000000 UTC,2018-01-07 18:48:16.000000 UTC
20.27,54.5,15,70.8,1,1,2018-01-02 04:27:23.000000 UTC,2018-01-02 04:55:44.000000 UTC
13.41,54.5,16.82,84.12,1,1,2018-01-12 06:02:58.000000 UTC,2018-01-12 06:24:56.000000 UTC
18.6,54.5,8,63.3,1,1,2018-01-27 13:37:45.000000 UTC,2018-01-27 14:24:47.000000 UTC
20.26,54.5,5,60.8,1,1,2018-01-08 01:16:01.000000 UTC,2018-01-08 01:46:58.000000 UTC
20.4,54.5,5,67.06,1,1,2018-01-02 18:44:32.000000 UTC,2018-01-02 19:20:03.000000 UTC
17.14,54.5,2,58.3,5,1,2018-01-19 18:03:10.000000 UTC,2018-01-19 19:00:38.000000 UTC
17.32,54.5,0,55.8,3,2,2018-01-27 21:41:21.000000 UTC,2018-01-27 22:36:12.000000 UTC
19.5,54.5,0,55.8,6,1,2018-01-24 01:05:02.000000 UTC,2018-01-24 01:40:59.000000 UTC
17.19,54.5,0,55.8,1,2,2018-01-20 03:08:48.000000 UTC,2018-01-20 04:02:48.000000 UTC
20.25,54.5,0,55.8,3,2,2018-01-10 04:41:24.000000 UTC,2018-01-10 05:15:06.000000 UTC
14.26,54.5,0,55.8,1,2,2018-01-19 04:25:33.000000 UTC,2018-01-19 05:38:14.000000 UTC
20.46,54.5,0,55.8,1,1,2018-01-04 00:00:55.000000 UTC,2018-01-04 00:38:30.000000 UTC
16.1,54.5,0,55.8,3,1,2018-01-21 02:21:30.000000 UTC,2018-01-21 03:22:52.000000 UTC
13.1,54.5,0,72.3,1,1,2018-01-21 11:09:00.000000 UTC,2018-01-21 11:33:06.000000 UTC
19.38,54.5,13.82,69.12,5,1,2018-01-27 18:13:56.000000 UTC,2018-01-27 19:01:49.000000 UTC
13.5,54.5,0,67.3,1,2,2018-01-28 13:57:44.000000 UTC,2018-01-28 14:24:56.000000 UTC
18.8,54.5,11.16,66.96,2,1,2018-01-23 23:53:12.000000 UTC,2018-01-24 00:37:07.000000 UTC
20.48,54.5,11.16,66.96,1,1,2018-01-24 23:54:49.000000 UTC,2018-01-25 00:23:11.000000 UTC
19.45,54.5,11.16,66.96,1,1,2018-01-26 21:56:45.000000 UTC,2018-01-26 22:32:58.000000 UTC
20.2,54.5,11.16,66.96,1,1,2018-01-31 03:36:32.000000 UTC,2018-01-31 04:15:40.000000 UTC
20.03,54.5,11.16,66.96,1,1,2018-01-10 22:37:16.000000 UTC,2018-01-10 23:11:48.000000 UTC
19.81,54.5,11.16,66.96,2,1,2018-01-13 21:26:54.000000 UTC,2018-01-13 22:02:06.000000 UTC
20.44,54.5,11.16,66.96,1,1,2018-01-29 21:40:21.000000 UTC,2018-01-29 22:11:34.000000 UTC
20.66,54.5,11.16,66.96,1,1,2018-01-22 00:13:08.000000 UTC,2018-01-22 00:40:44.000000 UTC
20.35,54.5,11.16,66.96,1,1,2018-01-24 20:06:18.000000 UTC,2018-01-24 20:38:47.000000 UTC
20.44,54.5,11.16,66.96,1,1,2018-01-15 23:20:50.000000 UTC,2018-01-15 23:50:15.000000 UTC
20.5,54.5,12,73.56,2,1,2018-01-14 21:31:35.000000 UTC,2018-01-14 22:02:01.000000 UTC
20.35,54.5,6,62.3,1,1,2018-01-30 19:56:25.000000 UTC,2018-01-30 20:30:00.000000 UTC
20.17,54.5,7,62.3,1,1,2018-01-01 08:25:01.000000 UTC,2018-01-01 08:54:54.000000 UTC
16.2,54.5,2,57.3,1,1,2018-01-11 09:18:04.000000 UTC,2018-01-11 10:17:28.000000 UTC
18.6,54.5,2,57.3,1,1,2018-01-06 12:15:12.000000 UTC,2018-01-06 12:59:13.000000 UTC
11.35,54.5,8.08,62.88,5,1,2018-01-12 12:44:13.000000 UTC,2018-01-12 13:23:43.000000 UTC
10.4,54.5,0,61.06,2,1,2018-01-20 11:53:15.000000 UTC,2018-01-20 13:12:34.000000 UTC
19.51,54.5,0,61.06,2,1,2018-01-13 16:58:13.000000 UTC,2018-01-13 17:45:25.000000 UTC
17.9,54.5,0,61.06,3,2,2018-01-22 09:48:42.000000 UTC,2018-01-22 10:34:46.000000 UTC
15.98,54.5,0,61.06,1,2,2018-01-12 14:38:13.000000 UTC,2018-01-12 15:43:45.000000 UTC
19.86,54.5,0,61.06,1,2,2018-01-01 15:46:15.000000 UTC,2018-01-01 16:23:53.000000 UTC
14.36,54.5,0,61.06,1,2,2018-01-20 11:27:45.000000 UTC,2018-01-20 12:39:23.000000 UTC
15.55,54.5,0,61.06,1,2,2018-01-20 10:22:19.000000 UTC,2018-01-20 11:16:11.000000 UTC
19.25,54.5,10,66.3,1,1,2018-01-30 16:33:35.000000 UTC,2018-01-30 17:22:16.000000 UTC
19.24,54.5,5,61.3,3,1,2018-01-19 18:52:58.000000 UTC,2018-01-19 19:38:30.000000 UTC
19.8,54.5,15.26,76.32,2,1,2018-01-25 14:28:50.000000 UTC,2018-01-25 15:06:03.000000 UTC
12.21,54.5,0,56.3,4,1,2018-01-31 17:08:58.000000 UTC,2018-01-31 18:36:01.000000 UTC
15.7,54.5,0,56.3,1,2,2018-01-18 16:43:14.000000 UTC,2018-01-18 18:00:52.000000 UTC
19.18,54.5,10,65.3,2,1,2018-01-15 12:51:18.000000 UTC,2018-01-15 13:36:29.000000 UTC
20.69,54.5,5,60.3,4,1,2018-01-05 05:59:14.000000 UTC,2018-01-05 06:26:38.000000 UTC
14.4,54.5,11.25,67.55,3,1,2018-01-08 16:45:37.000000 UTC,2018-01-08 17:55:35.000000 UTC
10,54.5,13.45,80.75,2,1,2018-01-14 15:29:38.000000 UTC,2018-01-14 16:21:19.000000 UTC
20.4,54.5,16.45,82.25,1,1,2018-01-08 23:23:20.000000 UTC,2018-01-08 23:55:50.000000 UTC
11.04,54.5,12.21,73.27,5,1,2018-01-18 10:02:16.000000 UTC,2018-01-18 11:28:56.000000 UTC
16.5,54.5,12.21,73.27,1,1,2018-01-18 08:33:58.000000 UTC,2018-01-18 09:36:36.000000 UTC
18.39,54.5,12.21,73.27,1,1,2018-01-25 08:54:12.000000 UTC,2018-01-25 09:46:24.000000 UTC
20.28,54.5,13.95,69.75,1,1,2018-01-17 01:41:49.000000 UTC,2018-01-17 02:11:03.000000 UTC
20,54.5,13.95,69.75,1,1,2018-01-07 20:59:19.000000 UTC,2018-01-07 21:37:20.000000 UTC
20.3,54.5,11.05,66.35,1,1,2018-01-27 07:57:59.000000 UTC,2018-01-27 08:26:19.000000 UTC
18.5,54.5,11.05,66.35,1,1,2018-01-27 08:18:13.000000 UTC,2018-01-27 09:01:58.000000 UTC
20.4,54.5,11.05,66.35,1,1,2018-01-01 13:09:59.000000 UTC,2018-01-01 13:43:01.000000 UTC
20.15,54.5,15.39,76.95,1,1,2018-01-11 00:50:53.000000 UTC,2018-01-11 01:27:32.000000 UTC
19.9,54.5,11.15,66.95,1,1,2018-01-15 21:58:42.000000 UTC,2018-01-15 22:33:18.000000 UTC
20.6,54.5,11.15,66.95,1,1,2018-01-07 02:36:31.000000 UTC,2018-01-07 03:05:14.000000 UTC
19.9,54.5,11.15,66.95,1,1,2018-01-26 23:49:31.000000 UTC,2018-01-27 00:18:47.000000 UTC
18.5,54.5,16.55,71.85,1,1,2018-01-16 14:10:16.000000 UTC,2018-01-16 15:02:40.000000 UTC
5.32,109,0,109.8,1,2,2018-01-03 17:58:53.000000 UTC,2018-01-03 18:25:07.000000 UTC
35.3,109,20,154.32,1,1,2018-01-12 18:10:07.000000 UTC,2018-01-12 19:16:05.000000 UTC
21.09,109,27.98,139.92,1,1,2018-01-05 02:15:07.000000 UTC,2018-01-05 02:44:48.000000 UTC
26.91,109,15,124.8,2,1,2018-01-23 09:24:50.000000 UTC,2018-01-23 10:18:18.000000 UTC
11.1,35.5,5,47.56,1,1,2018-01-24 21:59:35.000000 UTC,2018-01-24 22:33:46.000000 UTC
11.6,35.5,5,47.56,1,1,2018-01-24 20:39:10.000000 UTC,2018-01-24 21:07:56.000000 UTC
12,35.5,5,47.56,1,1,2018-01-07 19:48:53.000000 UTC,2018-01-07 20:16:49.000000 UTC
11.14,35.5,12.92,55.98,1,1,2018-01-19 16:43:37.000000 UTC,2018-01-19 17:23:35.000000 UTC
11.23,35.5,12.92,55.98,1,1,2018-01-25 18:35:04.000000 UTC,2018-01-25 19:11:21.000000 UTC
10.7,35.5,12.92,55.98,2,1,2018-01-11 17:23:20.000000 UTC,2018-01-11 18:09:00.000000 UTC
11.7,35.5,2,38.8,1,1,2018-01-30 20:26:57.000000 UTC,2018-01-30 20:59:25.000000 UTC
12.6,35.5,2,38.8,2,1,2018-01-14 21:50:59.000000 UTC,2018-01-14 22:17:21.000000 UTC
11.89,35.5,10.76,53.82,2,1,2018-01-23 18:01:08.000000 UTC,2018-01-23 18:32:27.000000 UTC
12.38,35.5,10.76,53.82,2,1,2018-01-23 17:46:09.000000 UTC,2018-01-23 18:15:31.000000 UTC
10.64,35.5,10.76,53.82,1,1,2018-01-19 18:15:12.000000 UTC,2018-01-19 18:54:29.000000 UTC
11.31,35.5,10.76,53.82,1,1,2018-01-16 16:15:00.000000 UTC,2018-01-16 16:56:32.000000 UTC
10.54,35.5,10.76,53.82,1,1,2018-01-25 16:19:33.000000 UTC,2018-01-25 17:05:35.000000 UTC
11.21,35.5,10.76,53.82,1,1,2018-01-08 16:31:53.000000 UTC,2018-01-08 17:11:07.000000 UTC
12.03,35.5,3,45.06,1,1,2018-01-28 13:20:46.000000 UTC,2018-01-28 13:50:52.000000 UTC
11.7,35.5,3,45.06,1,1,2018-01-18 07:01:56.000000 UTC,2018-01-18 07:32:07.000000 UTC
11.22,35.5,3,45.06,1,1,2018-01-16 13:33:47.000000 UTC,2018-01-16 14:08:40.000000 UTC
11.5,35.5,3,45.06,1,1,2018-01-20 16:51:03.000000 UTC,2018-01-20 17:27:47.000000 UTC
12.5,35.5,3,45.06,2,1,2018-01-08 13:59:35.000000 UTC,2018-01-08 14:18:24.000000 UTC
10.4,35.5,3,45.06,1,1,2018-01-09 13:58:35.000000 UTC,2018-01-09 14:38:57.000000 UTC
10.7,35.5,8.6,51.66,1,1,2018-01-11 17:00:27.000000 UTC,2018-01-11 17:46:51.000000 UTC
9.3,35.5,8.6,51.66,2,1,2018-01-19 15:56:10.000000 UTC,2018-01-19 16:42:11.000000 UTC
10.1,35.5,8.6,51.66,1,1,2018-01-23 18:13:05.000000 UTC,2018-01-23 18:50:46.000000 UTC
10.4,35.5,8.6,51.66,1,1,2018-01-19 16:47:36.000000 UTC,2018-01-19 17:34:31.000000 UTC
11,35.5,8.6,51.66,1,1,2018-01-03 18:29:12.000000 UTC,2018-01-03 19:02:50.000000 UTC
10.8,35.5,8.6,51.66,1,1,2018-01-19 19:28:01.000000 UTC,2018-01-19 20:03:23.000000 UTC
9.3,35.5,8.6,51.66,2,1,2018-01-10 16:58:53.000000 UTC,2018-01-10 17:46:15.000000 UTC
11.2,35.5,8.6,51.66,1,1,2018-01-16 18:02:38.000000 UTC,2018-01-16 18:34:59.000000 UTC
10.2,35.5,8.6,51.66,2,1,2018-01-19 16:01:55.000000 UTC,2018-01-19 16:47:15.000000 UTC
10.8,35.5,8.6,51.66,1,1,2018-01-16 16:30:08.000000 UTC,2018-01-16 17:10:47.000000 UTC
12.7,35.5,8.6,51.66,2,1,2018-01-02 19:13:55.000000 UTC,2018-01-02 19:39:43.000000 UTC
9.9,35.5,8.6,51.66,1,1,2018-01-24 16:13:36.000000 UTC,2018-01-24 16:54:00.000000 UTC
12.3,35.5,8.6,51.66,1,1,2018-01-25 18:38:22.000000 UTC,2018-01-25 19:09:38.000000 UTC
9.9,35.5,8.6,51.66,1,1,2018-01-11 18:24:46.000000 UTC,2018-01-11 19:10:31.000000 UTC
9.4,35.5,8.6,51.66,1,1,2018-01-25 15:56:13.000000 UTC,2018-01-25 16:42:51.000000 UTC
10.69,35.5,0,36.3,1,2,2018-01-13 19:01:15.000000 UTC,2018-01-13 19:38:29.000000 UTC
10.5,35.5,0,36.3,1,2,2018-01-17 15:35:42.000000 UTC,2018-01-17 16:15:22.000000 UTC
12.29,35.5,0,36.3,2,2,2018-01-01 18:10:16.000000 UTC,2018-01-01 18:37:41.000000 UTC
9.71,35.5,0,36.3,2,2,2018-01-11 13:05:14.000000 UTC,2018-01-11 13:49:56.000000 UTC
10.54,35.5,0,36.3,1,1,2018-01-12 08:13:05.000000 UTC,2018-01-12 08:50:55.000000 UTC
9.66,35.5,0,36.3,1,2,2018-01-12 13:06:14.000000 UTC,2018-01-12 13:49:37.000000 UTC
7.23,35.5,0,36.3,1,1,2018-01-26 15:22:02.000000 UTC,2018-01-26 16:14:56.000000 UTC
11.32,35.5,0,36.3,1,2,2018-01-20 10:15:22.000000 UTC,2018-01-20 10:49:45.000000 UTC
11.84,35.5,0,36.3,1,2,2018-01-28 19:54:44.000000 UTC,2018-01-28 20:23:08.000000 UTC
10.6,35.5,0,36.3,1,2,2018-01-13 13:22:49.000000 UTC,2018-01-13 13:56:45.000000 UTC
10,35.5,0,36.3,2,2,2018-01-23 11:49:59.000000 UTC,2018-01-23 12:30:32.000000 UTC
11.73,35.5,0,36.3,1,1,2018-01-07 09:37:53.000000 UTC,2018-01-07 10:06:49.000000 UTC
12.66,35.5,0,36.3,1,2,2018-01-01 15:51:48.000000 UTC,2018-01-01 16:18:08.000000 UTC
11.27,35.5,0,36.3,1,2,2018-01-14 13:59:33.000000 UTC,2018-01-14 14:34:02.000000 UTC
12.77,35.5,0,36.3,2,2,2018-01-15 09:26:51.000000 UTC,2018-01-15 09:50:21.000000 UTC
11.5,35.5,0,36.3,3,2,2018-01-10 15:07:23.000000 UTC,2018-01-10 15:45:06.000000 UTC
11.5,35.5,0,36.3,2,2,2018-01-27 15:09:10.000000 UTC,2018-01-27 15:47:31.000000 UTC
8.88,35.5,0,36.3,2,2,2018-01-28 17:38:40.000000 UTC,2018-01-28 18:23:31.000000 UTC
7.82,35.5,0,36.3,1,1,2018-01-23 13:50:54.000000 UTC,2018-01-23 14:40:16.000000 UTC
12.03,35.5,0,36.3,2,2,2018-01-01 12:30:58.000000 UTC,2018-01-01 13:01:53.000000 UTC
10.6,35.5,0,36.3,1,2,2018-01-01 14:11:46.000000 UTC,2018-01-01 14:47:07.000000 UTC
11.66,35.5,0,36.3,1,2,2018-01-21 10:38:18.000000 UTC,2018-01-21 11:10:02.000000 UTC
9.4,35.5,0,36.3,1,2,2018-01-31 13:07:24.000000 UTC,2018-01-31 13:46:11.000000 UTC
11.47,35.5,0,36.3,5,1,2018-01-28 19:03:53.000000 UTC,2018-01-28 19:37:03.000000 UTC
11.9,35.5,0,36.3,2,2,2018-01-22 08:01:34.000000 UTC,2018-01-22 08:35:02.000000 UTC
11.13,35.5,0,36.3,1,2,2018-01-15 13:23:41.000000 UTC,2018-01-15 14:00:42.000000 UTC
12.03,35.5,0,36.3,1,1,2018-01-13 15:45:51.000000 UTC,2018-01-13 16:19:23.000000 UTC
12.3,35.5,0,36.3,1,2,2018-01-24 06:15:16.000000 UTC,2018-01-24 06:42:07.000000 UTC
11.07,35.5,0,36.3,1,2,2018-01-28 13:22:17.000000 UTC,2018-01-28 13:55:15.000000 UTC
11.7,35.5,0,36.3,1,2,2018-01-02 11:21:14.000000 UTC,2018-01-02 11:52:14.000000 UTC
12.93,35.5,0,36.3,2,1,2018-01-15 09:11:45.000000 UTC,2018-01-15 09:30:47.000000 UTC
12.58,35.5,0,36.3,2,2,2018-01-19 11:55:46.000000 UTC,2018-01-19 12:22:36.000000 UTC
11.24,35.5,0,36.3,1,2,2018-01-12 11:19:03.000000 UTC,2018-01-12 11:51:42.000000 UTC
11.42,35.5,0,36.3,2,2,2018-01-10 07:20:13.000000 UTC,2018-01-10 07:58:38.000000 UTC
10.5,35.5,0,36.3,1,2,2018-01-15 14:02:42.000000 UTC,2018-01-15 14:36:54.000000 UTC
12.59,35.5,0,36.3,1,2,2018-01-01 19:45:57.000000 UTC,2018-01-01 20:09:27.000000 UTC
11.29,35.5,0,36.3,2,2,2018-01-13 15:53:59.000000 UTC,2018-01-13 16:30:36.000000 UTC
10.55,35.5,0,36.3,1,2,2018-01-19 11:00:28.000000 UTC,2018-01-19 11:42:53.000000 UTC
10.8,35.5,0,36.3,1,2,2018-01-24 11:51:47.000000 UTC,2018-01-24 12:29:25.000000 UTC
11.09,35.5,0,36.3,1,2,2018-01-14 08:21:54.000000 UTC,2018-01-14 08:54:20.000000 UTC
10.32,35.5,0,36.3,1,2,2018-01-02 15:19:54.000000 UTC,2018-01-02 15:56:58.000000 UTC
12.3,35.5,0,36.3,5,1,2018-01-22 14:30:23.000000 UTC,2018-01-22 14:57:16.000000 UTC
10.78,35.5,0,36.3,1,2,2018-01-20 17:01:28.000000 UTC,2018-01-20 17:39:51.000000 UTC
8.4,35.5,0,36.3,1,2,2018-01-24 08:14:23.000000 UTC,2018-01-24 09:03:35.000000 UTC
8.45,35.5,0,36.3,1,2,2018-01-12 14:54:27.000000 UTC,2018-01-12 15:44:51.000000 UTC
9.04,35.5,0,36.3,1,2,2018-01-24 11:55:39.000000 UTC,2018-01-24 12:39:17.000000 UTC
9.07,35.5,0,36.3,2,2,2018-01-01 15:48:01.000000 UTC,2018-01-01 16:32:29.000000 UTC
8.7,35.5,0,36.3,1,2,2018-01-27 14:40:45.000000 UTC,2018-01-27 15:29:15.000000 UTC
11.2,35.5,0,36.3,1,2,2018-01-26 15:57:47.000000 UTC,2018-01-26 16:34:00.000000 UTC
10.04,35.5,0,36.3,1,2,2018-01-12 14:21:49.000000 UTC,2018-01-12 15:09:45.000000 UTC
11.95,35.5,0,36.3,2,1,2018-01-02 15:41:26.000000 UTC,2018-01-02 16:14:41.000000 UTC
12.37,35.5,0,36.3,3,1,2018-01-27 11:07:34.000000 UTC,2018-01-27 11:33:28.000000 UTC
11.75,35.5,0,36.3,1,2,2018-01-01 10:57:55.000000 UTC,2018-01-01 11:27:13.000000 UTC
11.58,35.5,0,36.3,6,2,2018-01-19 08:00:27.000000 UTC,2018-01-19 08:34:08.000000 UTC
10.5,35.5,0,36.3,1,2,2018-01-08 08:56:52.000000 UTC,2018-01-08 09:43:31.000000 UTC
11.7,35.5,0,36.3,1,2,2018-01-03 08:54:58.000000 UTC,2018-01-03 08:55:11.000000 UTC
10.95,35.5,0,36.3,1,2,2018-01-29 06:06:45.000000 UTC,2018-01-29 06:43:08.000000 UTC
11.05,35.5,0,36.3,1,2,2018-01-16 12:41:59.000000 UTC,2018-01-16 13:16:24.000000 UTC
11.56,35.5,0,36.3,1,2,2018-01-01 19:41:31.000000 UTC,2018-01-01 20:13:26.000000 UTC
12.9,35.5,0,36.3,1,2,2018-01-28 17:53:11.000000 UTC,2018-01-28 18:14:42.000000 UTC
11.87,35.5,0,36.3,3,2,2018-01-22 12:45:43.000000 UTC,2018-01-22 13:38:30.000000 UTC
11.05,35.5,0,36.3,1,2,2018-01-10 10:00:43.000000 UTC,2018-01-10 10:37:23.000000 UTC
11.6,35.5,0,36.3,1,2,2018-01-05 13:45:58.000000 UTC,2018-01-05 14:19:42.000000 UTC
8,35.5,0,36.3,1,2,2018-01-19 11:59:31.000000 UTC,2018-01-19 12:42:06.000000 UTC
10.9,35.5,0,36.3,1,2,2018-01-09 10:55:26.000000 UTC,2018-01-09 11:37:36.000000 UTC
9.21,35.5,0,36.3,1,2,2018-01-09 14:41:08.000000 UTC,2018-01-10 14:29:40.000000 UTC
10.98,35.5,0,36.3,1,2,2018-01-07 17:23:07.000000 UTC,2018-01-07 18:03:22.000000 UTC
12.5,35.5,0,36.3,1,2,2018-01-01 18:34:41.000000 UTC,2018-01-01 19:00:25.000000 UTC
10.18,35.5,0,36.3,2,2,2018-01-02 07:02:22.000000 UTC,2018-01-02 07:43:39.000000 UTC
11.6,35.5,0,36.3,4,2,2018-01-14 19:39:30.000000 UTC,2018-01-14 20:15:15.000000 UTC
11.9,35.5,0,36.3,1,2,2018-01-26 09:50:24.000000 UTC,2018-01-26 10:21:38.000000 UTC
9.38,35.5,0,36.3,1,2,2018-01-09 07:08:15.000000 UTC,2018-01-09 07:54:14.000000 UTC
12.2,35.5,0,42.56,1,1,2018-01-19 21:29:30.000000 UTC,2018-01-19 21:56:03.000000 UTC
12.1,35.5,0,42.56,1,2,2018-01-23 21:13:37.000000 UTC,2018-01-23 21:41:02.000000 UTC
11.7,35.5,0,42.56,1,2,2018-01-05 21:03:22.000000 UTC,2018-01-05 21:32:34.000000 UTC
12.66,35.5,0,42.56,1,2,2018-01-05 04:13:05.000000 UTC,2018-01-05 04:37:49.000000 UTC
12,35.5,0,42.56,4,2,2018-01-07 03:43:07.000000 UTC,2018-01-07 04:08:49.000000 UTC
11.4,35.5,0,42.56,3,2,2018-01-13 23:23:43.000000 UTC,2018-01-13 23:55:36.000000 UTC
12.7,35.5,0,42.56,1,2,2018-01-23 21:23:22.000000 UTC,2018-01-23 21:45:55.000000 UTC
11.8,35.5,0,42.56,1,2,2018-01-31 23:37:26.000000 UTC,2018-02-01 00:08:03.000000 UTC
11.78,35.5,0,42.56,1,2,2018-01-07 21:08:48.000000 UTC,2018-01-07 21:39:32.000000 UTC
10.9,35.5,0,42.56,1,2,2018-01-23 20:25:19.000000 UTC,2018-01-23 20:59:22.000000 UTC
12.66,35.5,0,42.56,5,2,2018-01-18 05:23:13.000000 UTC,2018-01-18 05:49:04.000000 UTC
11.61,35.5,0,42.56,5,2,2018-01-24 22:04:54.000000 UTC,2018-01-24 22:37:29.000000 UTC
12.8,35.5,8.9,53.6,2,1,2018-01-01 13:01:47.000000 UTC,2018-01-01 13:24:45.000000 UTC
12.2,35.5,11,47.8,3,1,2018-01-28 04:12:51.000000 UTC,2018-01-28 04:37:22.000000 UTC
11.91,35.5,10.58,52.92,1,1,2018-01-22 21:13:15.000000 UTC,2018-01-22 21:40:57.000000 UTC
11.5,35.5,7.36,44.16,1,1,2018-01-03 22:34:47.000000 UTC,2018-01-03 23:04:51.000000 UTC
12.23,35.5,7.36,44.16,1,1,2018-01-31 05:20:38.000000 UTC,2018-01-31 05:51:33.000000 UTC
11.98,35.5,7.36,44.16,1,1,2018-01-24 23:00:57.000000 UTC,2018-01-24 23:28:37.000000 UTC
12.86,35.5,7.36,44.16,1,1,2018-01-26 21:36:26.000000 UTC,2018-01-26 21:56:12.000000 UTC
10.94,35.5,7.36,44.16,1,1,2018-01-11 20:07:42.000000 UTC,2018-01-11 20:41:59.000000 UTC
9.98,35.5,7.36,44.16,1,1,2018-01-06 01:25:47.000000 UTC,2018-01-06 02:05:56.000000 UTC
11.83,35.5,7.36,44.16,2,1,2018-01-15 22:24:29.000000 UTC,2018-01-15 22:53:52.000000 UTC
12.81,35.5,7.36,44.16,2,1,2018-01-23 23:15:23.000000 UTC,2018-01-23 23:36:54.000000 UTC
9.41,35.5,7.36,44.16,1,1,2018-01-12 23:09:59.000000 UTC,2018-01-12 23:56:44.000000 UTC
11.15,35.5,7.36,44.16,1,1,2018-01-27 22:00:11.000000 UTC,2018-01-27 22:36:47.000000 UTC
11.46,35.5,7.36,44.16,1,1,2018-01-25 21:24:32.000000 UTC,2018-01-25 21:54:47.000000 UTC
11,35.5,7.36,44.16,1,1,2018-01-19 23:16:03.000000 UTC,2018-01-19 23:54:20.000000 UTC
12.13,35.5,7.36,44.16,1,1,2018-01-25 22:00:14.000000 UTC,2018-01-25 22:27:41.000000 UTC
12.4,35.5,7.36,44.16,1,1,2018-01-22 21:45:34.000000 UTC,2018-01-22 22:10:15.000000 UTC
12,35.5,7.36,44.16,2,1,2018-01-13 00:04:29.000000 UTC,2018-01-13 00:33:41.000000 UTC
7.89,35.5,7.36,44.16,1,1,2018-01-05 19:50:51.000000 UTC,2018-01-05 20:41:54.000000 UTC
10.22,35.5,7.36,44.16,1,1,2018-01-18 22:53:41.000000 UTC,2018-01-18 23:34:37.000000 UTC
10.77,35.5,7.36,44.16,1,1,2018-01-25 00:37:32.000000 UTC,2018-01-25 01:12:05.000000 UTC
11.72,35.5,7.36,44.16,2,1,2018-01-18 22:10:40.000000 UTC,2018-01-18 22:39:21.000000 UTC
9.36,35.5,7.36,44.16,1,1,2018-01-26 22:54:57.000000 UTC,2018-01-26 23:41:33.000000 UTC
8.73,35.5,7.36,44.16,1,1,2018-01-13 23:03:42.000000 UTC,2018-01-13 23:50:00.000000 UTC
12.33,35.5,7.36,44.16,1,1,2018-01-11 22:33:23.000000 UTC,2018-01-11 23:00:44.000000 UTC
12.27,35.5,7.36,44.16,1,1,2018-01-16 22:19:28.000000 UTC,2018-01-16 22:45:32.000000 UTC
12.65,35.5,7.36,44.16,1,1,2018-01-17 23:42:06.000000 UTC,2018-01-18 00:03:56.000000 UTC
11.52,35.5,7.36,44.16,1,1,2018-01-21 00:19:53.000000 UTC,2018-01-21 00:52:30.000000 UTC
12.31,35.5,7.36,44.16,6,1,2018-01-05 23:56:42.000000 UTC,2018-01-06 00:26:05.000000 UTC
12.44,35.5,7.36,44.16,5,1,2018-01-06 04:48:43.000000 UTC,2018-01-06 05:17:25.000000 UTC
10.49,35.5,7.36,44.16,1,1,2018-01-28 01:41:00.000000 UTC,2018-01-28 02:21:01.000000 UTC
11.93,35.5,7.36,44.16,1,1,2018-01-31 21:37:40.000000 UTC,2018-01-31 22:05:56.000000 UTC
11.13,35.5,7.36,44.16,5,1,2018-01-17 22:47:28.000000 UTC,2018-01-17 23:23:00.000000 UTC
11.93,35.5,7.36,44.16,2,1,2018-01-03 21:50:26.000000 UTC,2018-01-03 22:19:00.000000 UTC
10.64,35.5,7.36,44.16,1,1,2018-01-25 20:54:36.000000 UTC,2018-01-25 21:39:40.000000 UTC
12.79,35.5,7.36,44.16,3,1,2018-01-27 05:27:52.000000 UTC,2018-01-27 05:47:36.000000 UTC
12.04,35.5,7.36,44.16,1,1,2018-01-18 21:53:44.000000 UTC,2018-01-18 22:19:39.000000 UTC
11.26,35.5,7.36,44.16,3,1,2018-01-23 22:43:25.000000 UTC,2018-01-23 23:17:51.000000 UTC
11.61,35.5,7.36,44.16,1,1,2018-01-31 21:37:47.000000 UTC,2018-01-31 22:09:49.000000 UTC
12.09,35.5,7.36,44.16,1,1,2018-01-10 21:51:30.000000 UTC,2018-01-10 22:17:57.000000 UTC
12.92,35.5,7.36,44.16,1,1,2018-01-25 23:30:33.000000 UTC,2018-01-25 23:52:44.000000 UTC
10.12,35.5,2.1,44.16,2,1,2018-01-25 09:42:52.000000 UTC,2018-01-25 10:21:04.000000 UTC
11.36,35.5,7.36,44.16,5,1,2018-01-31 21:54:31.000000 UTC,2018-01-31 22:27:04.000000 UTC
12.95,35.5,7.36,44.16,5,1,2018-01-12 04:37:18.000000 UTC,2018-01-12 04:57:54.000000 UTC
12.62,35.5,7.36,44.16,1,1,2018-01-07 22:00:38.000000 UTC,2018-01-07 22:22:27.000000 UTC
12.83,35.5,7.36,44.16,1,1,2018-01-15 21:51:45.000000 UTC,2018-01-15 22:12:21.000000 UTC
10.33,35.5,7.36,44.16,1,1,2018-01-31 21:58:17.000000 UTC,2018-01-31 22:37:47.000000 UTC
11.15,35.5,7.36,44.16,1,1,2018-01-14 21:37:48.000000 UTC,2018-01-14 22:14:42.000000 UTC
10.82,35.5,7.36,44.16,2,1,2018-01-22 00:07:42.000000 UTC,2018-01-22 00:44:35.000000 UTC
11.27,35.5,7.36,44.16,1,1,2018-01-09 23:49:55.000000 UTC,2018-01-10 00:21:31.000000 UTC
9.04,35.5,10.52,52.58,5,1,2018-01-29 08:05:43.000000 UTC,2018-01-29 08:54:28.000000 UTC
10.83,35.5,10.52,52.58,1,1,2018-01-16 14:05:58.000000 UTC,2018-01-16 14:43:09.000000 UTC
9.92,35.5,10.52,52.58,1,1,2018-01-16 10:00:30.000000 UTC,2018-01-16 10:47:33.000000 UTC
10.72,35.5,10.52,52.58,1,1,2018-01-13 16:35:01.000000 UTC,2018-01-13 17:16:41.000000 UTC
11.71,35.5,10.52,52.58,1,1,2018-01-17 15:06:28.000000 UTC,2018-01-17 15:41:27.000000 UTC
11.56,35.5,10.52,52.58,3,1,2018-01-23 14:21:49.000000 UTC,2018-01-23 14:52:24.000000 UTC
10.57,35.5,10.52,52.58,2,1,2018-01-30 07:43:49.000000 UTC,2018-01-30 08:34:10.000000 UTC
10.27,35.5,10.52,52.58,1,1,2018-01-25 09:58:05.000000 UTC,2018-01-25 10:42:48.000000 UTC
8.85,35.5,10.52,52.58,6,1,2018-01-17 10:52:02.000000 UTC,2018-01-17 11:37:50.000000 UTC
12.31,35.5,10.52,52.58,1,1,2018-01-21 08:13:48.000000 UTC,2018-01-21 08:37:47.000000 UTC
10.37,35.5,10.52,52.58,5,1,2018-01-18 15:02:08.000000 UTC,2018-01-18 15:42:43.000000 UTC
11.94,35.5,10.52,52.58,1,1,2018-01-21 16:20:25.000000 UTC,2018-01-21 16:52:42.000000 UTC
11.31,35.5,10.52,52.58,1,1,2018-01-25 11:08:15.000000 UTC,2018-01-25 11:40:09.000000 UTC
11.88,35.5,10.52,52.58,1,1,2018-01-16 07:10:54.000000 UTC,2018-01-16 07:43:58.000000 UTC
11.97,35.5,10.52,52.58,1,1,2018-01-28 16:48:23.000000 UTC,2018-01-28 17:21:04.000000 UTC
12.09,35.5,10.52,52.58,2,1,2018-01-23 12:36:28.000000 UTC,2018-01-23 13:03:46.000000 UTC
12.62,35.5,10.52,52.58,1,1,2018-01-01 18:14:08.000000 UTC,2018-01-01 18:38:27.000000 UTC
11.71,35.5,10.52,52.58,1,1,2018-01-15 08:50:39.000000 UTC,2018-01-15 09:19:16.000000 UTC
8.28,35.5,10.52,52.58,1,1,2018-01-31 08:35:03.000000 UTC,2018-01-31 09:26:21.000000 UTC
9.47,35.5,10.52,52.58,1,1,2018-01-17 11:58:19.000000 UTC,2018-01-17 12:38:18.000000 UTC
8.81,35.5,10.52,52.58,1,1,2018-01-09 11:12:14.000000 UTC,2018-01-09 11:57:34.000000 UTC
10.86,35.5,10.52,52.58,6,1,2018-01-21 18:11:33.000000 UTC,2018-01-21 18:49:47.000000 UTC
9.44,35.5,10.52,52.58,1,1,2018-01-17 11:18:57.000000 UTC,2018-01-17 12:00:57.000000 UTC
8.56,35.5,10.52,52.58,1,1,2018-01-09 10:05:34.000000 UTC,2018-01-09 10:54:25.000000 UTC
11.24,35.5,10.52,52.58,1,1,2018-01-25 10:24:15.000000 UTC,2018-01-25 10:59:09.000000 UTC
11.41,35.5,6.38,48.94,1,1,2018-01-18 22:16:58.000000 UTC,2018-01-18 22:47:14.000000 UTC
10.45,35.5,5.7,42,1,1,2018-01-03 08:29:01.000000 UTC,2018-01-03 09:11:06.000000 UTC
11.37,35.5,5.7,42,1,1,2018-01-11 10:19:40.000000 UTC,2018-01-11 10:57:12.000000 UTC
12,35.5,5.2,42,1,1,2018-01-07 22:06:57.000000 UTC,2018-01-07 22:39:29.000000 UTC
12.72,35.5,0,45.3,1,2,2018-01-12 03:40:00.000000 UTC,2018-01-12 04:02:10.000000 UTC
12.2,35.5,6,42.8,4,1,2018-01-02 02:34:30.000000 UTC,2018-01-02 03:03:22.000000 UTC
12.8,35.5,6,42.8,1,1,2018-01-06 00:00:44.000000 UTC,2018-01-06 00:21:29.000000 UTC
11.2,35.5,1.86,39.16,1,1,2018-01-10 18:44:05.000000 UTC,2018-01-10 19:21:50.000000 UTC
12.16,35.5,4,43.94,6,1,2018-01-30 19:43:04.000000 UTC,2018-01-30 20:06:59.000000 UTC
10.89,35.5,7,49.06,6,1,2018-01-01 10:49:23.000000 UTC,2018-01-01 11:21:05.000000 UTC
12.48,35.5,6,49.06,1,1,2018-01-30 17:07:50.000000 UTC,2018-01-30 17:35:50.000000 UTC
9.8,35.5,7,49.06,1,1,2018-01-16 14:51:53.000000 UTC,2018-01-16 15:33:24.000000 UTC
10.5,35.5,7,49.06,1,1,2018-01-24 13:49:41.000000 UTC,2018-01-24 14:22:26.000000 UTC
11.2,35.5,7,49.06,1,1,2018-01-15 13:51:50.000000 UTC,2018-01-15 14:24:46.000000 UTC
10.5,35.5,4,40.3,1,1,2018-01-27 16:28:00.000000 UTC,2018-01-27 17:08:06.000000 UTC
11.1,35.5,4,40.3,2,1,2018-01-27 14:51:43.000000 UTC,2018-01-27 15:24:53.000000 UTC
11.19,35.5,4,40.3,2,1,2018-01-21 18:30:24.000000 UTC,2018-01-21 19:05:44.000000 UTC
9,35.5,4,40.3,2,1,2018-01-30 15:27:37.000000 UTC,2018-01-30 16:12:12.000000 UTC
5.9,35.5,4,40.3,1,1,2018-01-10 10:35:45.000000 UTC,2018-01-10 11:34:01.000000 UTC
11.8,35.5,4,46.56,1,1,2018-01-07 21:50:50.000000 UTC,2018-01-07 22:20:06.000000 UTC
12.1,35.5,4,46.56,1,1,2018-01-05 23:16:00.000000 UTC,2018-01-05 23:41:26.000000 UTC
12.61,35.5,1,37.8,1,1,2018-01-08 23:04:58.000000 UTC,2018-01-08 23:28:05.000000 UTC
11.2,35.5,6.46,49.52,1,1,2018-01-03 17:53:51.000000 UTC,2018-01-03 18:31:26.000000 UTC
12.4,35.5,2,44.06,5,1,2018-01-29 11:20:36.000000 UTC,2018-01-29 11:52:08.000000 UTC
10.61,35.5,2,44.06,1,1,2018-01-09 09:38:37.000000 UTC,2018-01-09 10:26:34.000000 UTC
12.42,35.5,15,51.8,1,1,2018-01-07 20:48:13.000000 UTC,2018-01-07 21:17:37.000000 UTC
12.07,35.5,9.2,46,1,1,2018-01-13 20:49:08.000000 UTC,2018-01-13 21:16:20.000000 UTC
10.62,35.5,9.2,46,1,1,2018-01-25 23:53:52.000000 UTC,2018-01-26 00:30:29.000000 UTC
12.1,35.5,9.2,46,1,1,2018-01-12 00:49:41.000000 UTC,2018-01-12 01:16:30.000000 UTC
9.2,35.5,9.2,46,2,1,2018-01-30 20:47:59.000000 UTC,2018-01-30 21:36:37.000000 UTC
8.6,35.5,9.2,46,1,1,2018-01-13 21:11:26.000000 UTC,2018-01-13 21:57:28.000000 UTC
11.58,35.5,9.2,46,2,1,2018-01-15 21:39:07.000000 UTC,2018-01-15 22:10:47.000000 UTC
11.13,35.5,9.2,46,1,1,2018-01-25 22:13:59.000000 UTC,2018-01-25 22:47:16.000000 UTC
11.3,35.5,9.2,46,1,1,2018-01-21 02:27:39.000000 UTC,2018-01-21 02:57:06.000000 UTC
11.6,35.5,9.2,46,1,1,2018-01-26 21:33:03.000000 UTC,2018-01-26 22:06:07.000000 UTC
11.5,35.5,9.2,46,1,1,2018-01-24 21:01:08.000000 UTC,2018-01-24 21:31:37.000000 UTC
13.2,35.5,9.2,46,1,1,2018-01-20 00:09:28.000000 UTC,2018-01-20 00:25:00.000000 UTC
12.58,35.5,9.2,46,1,1,2018-01-07 03:22:31.000000 UTC,2018-01-07 03:47:08.000000 UTC
10.6,35.5,9.2,46,1,1,2018-01-31 20:20:00.000000 UTC,2018-01-31 20:53:34.000000 UTC
11.5,35.5,9.2,46,1,1,2018-01-02 20:02:18.000000 UTC,2018-01-02 20:34:51.000000 UTC
11.9,35.5,9.2,46,2,1,2018-01-07 20:43:08.000000 UTC,2018-01-07 21:11:23.000000 UTC
11.1,35.5,9.2,46,1,1,2018-01-18 21:45:26.000000 UTC,2018-01-18 22:14:36.000000 UTC
12.14,35.5,9.86,49.3,1,1,2018-01-15 21:44:45.000000 UTC,2018-01-15 22:12:39.000000 UTC
12.47,35.5,9.56,57.38,2,1,2018-01-08 07:05:44.000000 UTC,2018-01-08 07:35:01.000000 UTC
10.5,35.5,5.08,47.14,2,1,2018-01-11 11:02:18.000000 UTC,2018-01-11 11:42:37.000000 UTC
9.55,35.5,3.4,40.2,1,1,2018-01-01 01:32:16.000000 UTC,2018-01-01 02:16:30.000000 UTC
9.84,35.5,7,44.3,1,1,2018-01-16 17:42:44.000000 UTC,2018-01-16 18:26:33.000000 UTC
10.9,35.5,7,44.3,1,1,2018-01-16 19:37:41.000000 UTC,2018-01-16 20:14:11.000000 UTC
11.43,35.5,8,50.56,1,1,2018-01-24 22:57:17.000000 UTC,2018-01-24 23:28:18.000000 UTC
10.8,35.5,8,50.56,1,1,2018-01-13 20:05:03.000000 UTC,2018-01-13 20:40:19.000000 UTC
10.5,35.5,5,41.8,1,1,2018-01-24 23:07:33.000000 UTC,2018-01-24 23:47:53.000000 UTC
11.45,35.5,5,41.8,1,1,2018-01-17 20:03:56.000000 UTC,2018-01-17 20:34:53.000000 UTC
11,35.5,5,41.8,1,1,2018-01-25 21:54:10.000000 UTC,2018-01-25 22:33:28.000000 UTC
11.07,35.5,5.5,41.8,6,1,2018-01-02 09:45:54.000000 UTC,2018-01-02 10:24:10.000000 UTC
11.1,35.5,5,41.8,1,1,2018-01-29 04:48:43.000000 UTC,2018-01-29 05:24:09.000000 UTC
11.9,35.5,5,41.8,1,1,2018-01-22 02:26:45.000000 UTC,2018-01-22 02:51:26.000000 UTC
11.72,35.5,5,41.8,1,1,2018-01-01 20:47:47.000000 UTC,2018-01-01 21:19:50.000000 UTC
12.03,35.5,5,41.8,1,1,2018-01-08 21:37:21.000000 UTC,2018-01-08 22:08:12.000000 UTC
11.6,35.5,5,41.8,1,1,2018-01-31 21:47:52.000000 UTC,2018-01-31 22:16:37.000000 UTC
13.03,35.5,5,41.8,6,1,2018-01-08 04:36:47.000000 UTC,2018-01-08 04:58:24.000000 UTC
12.43,35.5,5,41.8,1,1,2018-01-08 23:44:43.000000 UTC,2018-01-09 00:09:03.000000 UTC
11.7,35.5,5,41.8,1,1,2018-01-31 21:02:51.000000 UTC,2018-01-31 21:37:36.000000 UTC
11.82,35.5,5,41.8,2,1,2018-01-18 22:55:23.000000 UTC,2018-01-18 23:21:39.000000 UTC
10.22,35.5,5,41.8,2,1,2018-01-28 21:15:05.000000 UTC,2018-01-28 21:49:55.000000 UTC
12.6,35.5,5,41.8,1,1,2018-01-28 21:26:37.000000 UTC,2018-01-28 21:50:26.000000 UTC
12.08,35.5,7.46,44.76,1,1,2018-01-23 18:57:05.000000 UTC,2018-01-23 19:29:36.000000 UTC
10.55,35.5,7.46,44.76,1,1,2018-01-23 17:35:14.000000 UTC,2018-01-23 18:16:31.000000 UTC
12.95,35.5,7.46,44.76,1,1,2018-01-04 19:14:08.000000 UTC,2018-01-04 19:37:38.000000 UTC
9.48,35.5,7.46,44.76,2,1,2018-01-18 17:27:00.000000 UTC,2018-01-18 18:15:32.000000 UTC
11.01,35.5,7.46,44.76,1,1,2018-01-02 18:23:20.000000 UTC,2018-01-02 19:00:54.000000 UTC
9.89,35.5,7.46,44.76,1,1,2018-01-30 19:22:09.000000 UTC,2018-01-30 20:04:28.000000 UTC
12.2,35.5,7.46,44.76,2,1,2018-01-30 19:44:36.000000 UTC,2018-01-30 20:09:30.000000 UTC
11.35,35.5,7.46,44.76,1,1,2018-01-22 18:51:14.000000 UTC,2018-01-22 19:24:26.000000 UTC
10.1,35.5,7.46,44.76,1,1,2018-01-31 18:10:39.000000 UTC,2018-01-31 18:57:07.000000 UTC
11.38,35.5,7.46,44.76,1,1,2018-01-25 19:26:05.000000 UTC,2018-01-25 19:57:53.000000 UTC
11.34,35.5,7.46,44.76,1,1,2018-01-26 18:27:21.000000 UTC,2018-01-26 19:03:00.000000 UTC
11.15,35.5,7.46,44.76,1,1,2018-01-09 16:45:51.000000 UTC,2018-01-09 17:24:36.000000 UTC
12.13,35.5,7.46,44.76,5,1,2018-01-31 19:21:41.000000 UTC,2018-01-31 19:51:11.000000 UTC
11.48,35.5,7.46,44.76,1,1,2018-01-24 19:06:06.000000 UTC,2018-01-24 19:38:23.000000 UTC
9.11,35.5,6,48.06,1,1,2018-01-29 09:46:07.000000 UTC,2018-01-29 10:30:10.000000 UTC
10.1,35.5,6,48.06,2,1,2018-01-26 10:06:28.000000 UTC,2018-01-26 10:49:05.000000 UTC
10.86,35.5,5,48.06,1,1,2018-01-18 16:49:00.000000 UTC,2018-01-18 17:28:55.000000 UTC
12.6,35.5,5,48.06,1,1,2018-01-29 19:29:24.000000 UTC,2018-01-29 19:52:22.000000 UTC
10.3,35.5,5,48.06,1,1,2018-01-24 18:14:56.000000 UTC,2018-01-24 18:57:45.000000 UTC
11.86,35.5,6,48.06,1,1,2018-01-29 13:55:39.000000 UTC,2018-01-29 14:29:00.000000 UTC
10.4,35.5,6,48.06,1,1,2018-01-09 13:44:29.000000 UTC,2018-01-09 14:20:33.000000 UTC
9.75,35.5,6,48.06,6,1,2018-01-02 09:42:55.000000 UTC,2018-01-02 10:21:53.000000 UTC
11.1,35.5,6,48.06,1,1,2018-01-21 16:57:31.000000 UTC,2018-01-21 17:37:35.000000 UTC
9.7,35.5,6,48.06,2,1,2018-01-12 14:24:19.000000 UTC,2018-01-12 15:07:26.000000 UTC
11.49,35.5,5,48.06,1,1,2018-01-30 16:08:08.000000 UTC,2018-01-30 16:47:03.000000 UTC
10.8,35.5,6,48.06,4,1,2018-01-29 11:59:51.000000 UTC,2018-01-29 12:35:48.000000 UTC
9.8,35.5,6,48.06,1,1,2018-01-08 07:18:55.000000 UTC,2018-01-08 07:58:14.000000 UTC
10.4,35.5,6,48.06,2,1,2018-01-03 13:44:47.000000 UTC,2018-01-03 14:19:45.000000 UTC
9.25,35.5,3,39.3,2,1,2018-01-14 16:36:19.000000 UTC,2018-01-14 17:20:11.000000 UTC
11.5,35.5,3,39.3,1,1,2018-01-13 14:36:36.000000 UTC,2018-01-13 15:14:23.000000 UTC
10.33,35.5,2,39.3,1,1,2018-01-30 17:41:03.000000 UTC,2018-01-30 18:25:50.000000 UTC
8.7,35.5,2,39.3,1,1,2018-01-08 18:13:39.000000 UTC,2018-01-08 19:02:19.000000 UTC
11.9,35.5,12.6,54.66,2,1,2018-01-01 17:46:12.000000 UTC,2018-01-01 18:17:24.000000 UTC
11.24,35.5,0,36.8,1,2,2018-01-01 03:56:57.000000 UTC,2018-01-01 04:28:57.000000 UTC
12.7,35.5,0,36.8,1,2,2018-01-01 00:20:55.000000 UTC,2018-01-01 00:44:00.000000 UTC
11.61,35.5,0,36.8,1,2,2018-01-01 01:33:03.000000 UTC,2018-01-01 02:03:01.000000 UTC
9.8,35.5,0,36.8,2,2,2018-01-01 03:51:49.000000 UTC,2018-01-01 04:33:26.000000 UTC
12.2,35.5,0,36.8,1,2,2018-01-02 22:11:45.000000 UTC,2018-01-02 22:35:30.000000 UTC
9.71,35.5,0,36.8,1,2,2018-01-27 04:02:57.000000 UTC,2018-01-27 04:46:56.000000 UTC
11.92,35.5,0,36.8,1,2,2018-01-12 00:18:49.000000 UTC,2018-01-12 00:46:06.000000 UTC
11.4,35.5,0,36.8,4,2,2018-01-14 02:41:17.000000 UTC,2018-01-14 03:15:52.000000 UTC
11.27,35.5,0,36.8,1,2,2018-01-01 04:46:46.000000 UTC,2018-01-01 05:21:18.000000 UTC
12.04,35.5,0,36.8,1,2,2018-01-10 01:02:18.000000 UTC,2018-01-10 01:30:33.000000 UTC
9.13,35.5,0,36.8,5,2,2018-01-01 00:34:45.000000 UTC,2018-01-01 01:20:30.000000 UTC
11.79,35.5,0,36.8,1,2,2018-01-02 21:34:53.000000 UTC,2018-01-02 22:03:25.000000 UTC
12.42,35.5,0,36.8,2,1,2018-01-30 23:25:51.000000 UTC,2018-01-30 23:50:21.000000 UTC
11.24,35.5,0,36.8,1,2,2018-01-27 23:19:55.000000 UTC,2018-01-27 23:52:40.000000 UTC
12.6,35.5,0,36.8,3,2,2018-01-28 02:02:10.000000 UTC,2018-01-28 02:26:22.000000 UTC
11.4,35.5,0,36.8,1,2,2018-01-27 04:15:47.000000 UTC,2018-01-27 04:48:16.000000 UTC
10.15,35.5,0,36.8,3,2,2018-01-13 22:57:13.000000 UTC,2018-01-13 23:33:16.000000 UTC
12.6,35.5,0,36.8,1,2,2018-01-09 20:39:51.000000 UTC,2018-01-09 21:07:51.000000 UTC
10.6,35.5,0,36.8,1,2,2018-01-20 01:11:21.000000 UTC,2018-01-20 01:45:15.000000 UTC
12.73,35.5,0,36.8,1,1,2018-01-21 02:30:00.000000 UTC,2018-01-21 02:53:27.000000 UTC
11.81,35.5,0,36.8,1,2,2018-01-23 00:42:27.000000 UTC,2018-01-23 01:11:15.000000 UTC
12,35.5,0,36.8,1,2,2018-01-19 02:01:22.000000 UTC,2018-01-19 02:29:58.000000 UTC
11.56,35.5,0,36.8,1,2,2018-01-13 02:18:50.000000 UTC,2018-01-13 02:50:34.000000 UTC
10.2,35.5,0,36.8,1,2,2018-01-31 21:45:34.000000 UTC,2018-01-31 22:22:51.000000 UTC
12.48,35.5,0,36.8,2,2,2018-01-13 04:21:41.000000 UTC,2018-01-13 04:47:02.000000 UTC
10.55,35.5,0,36.8,1,1,2018-01-29 20:57:49.000000 UTC,2018-01-29 21:36:13.000000 UTC
12.67,35.5,0,36.8,2,2,2018-01-18 05:23:45.000000 UTC,2018-01-18 05:46:06.000000 UTC
12.31,35.5,0,36.8,1,1,2018-01-26 00:58:32.000000 UTC,2018-01-26 01:22:16.000000 UTC
12.7,35.5,0,36.8,1,3,2018-01-31 05:52:49.000000 UTC,2018-01-31 06:25:23.000000 UTC
11.78,35.5,0,36.8,1,2,2018-01-25 00:40:35.000000 UTC,2018-01-25 01:10:53.000000 UTC
11.5,35.5,0,36.8,1,2,2018-01-20 22:00:47.000000 UTC,2018-01-20 22:34:06.000000 UTC
13.33,35.5,0,36.8,1,2,2018-01-30 21:01:03.000000 UTC,2018-01-30 21:21:58.000000 UTC
8.48,35.5,0,36.8,1,2,2018-01-25 20:22:42.000000 UTC,2018-01-25 21:09:37.000000 UTC
9.8,35.5,0,36.8,2,2,2018-01-13 21:58:06.000000 UTC,2018-01-13 22:37:04.000000 UTC
12.7,35.5,0,36.8,2,2,2018-01-11 01:45:28.000000 UTC,2018-01-11 02:07:21.000000 UTC
11.51,35.5,0,36.8,2,1,2018-01-27 21:03:29.000000 UTC,2018-01-27 21:34:19.000000 UTC
11.5,35.5,0,36.8,1,2,2018-01-12 22:40:37.000000 UTC,2018-01-12 23:11:30.000000 UTC
12.53,35.5,0,36.8,1,2,2018-01-24 00:17:52.000000 UTC,2018-01-24 00:45:13.000000 UTC
11.3,35.5,0,36.8,1,2,2018-01-27 20:10:56.000000 UTC,2018-01-27 20:48:24.000000 UTC
12.32,35.5,0,36.8,1,2,2018-01-18 03:42:42.000000 UTC,2018-01-18 04:10:40.000000 UTC
12.7,35.5,0,36.8,1,2,2018-01-11 22:06:41.000000 UTC,2018-01-11 22:29:38.000000 UTC
13.18,35.5,0,36.8,1,2,2018-01-12 05:10:42.000000 UTC,2018-01-12 05:29:35.000000 UTC
12.61,35.5,0,36.8,1,1,2018-01-21 21:16:23.000000 UTC,2018-01-21 21:41:52.000000 UTC
10.7,35.5,0,36.8,1,2,2018-01-01 05:22:44.000000 UTC,2018-01-01 06:02:10.000000 UTC
11.06,35.5,0,36.8,2,2,2018-01-13 03:20:03.000000 UTC,2018-01-13 03:47:09.000000 UTC
9.2,35.5,0,36.8,3,1,2018-01-08 21:18:18.000000 UTC,2018-01-08 22:04:42.000000 UTC
12.16,35.5,0,36.8,1,2,2018-01-20 21:28:49.000000 UTC,2018-01-20 21:56:49.000000 UTC
11.05,35.5,0,36.8,1,2,2018-01-28 22:20:33.000000 UTC,2018-01-28 22:53:33.000000 UTC
10.43,35.5,0,36.8,1,2,2018-01-21 04:24:49.000000 UTC,2018-01-21 05:04:22.000000 UTC
12.83,35.5,0,36.8,1,2,2018-01-09 21:52:32.000000 UTC,2018-01-09 22:20:45.000000 UTC
12.73,35.5,0,36.8,1,1,2018-01-31 22:15:26.000000 UTC,2018-01-31 22:39:04.000000 UTC
12,35.5,0,36.8,2,1,2018-01-31 20:03:02.000000 UTC,2018-01-31 20:33:56.000000 UTC
9.94,35.5,0,36.8,3,2,2018-01-06 22:05:41.000000 UTC,2018-01-06 22:46:37.000000 UTC
12.45,35.5,0,36.8,1,2,2018-01-21 05:58:50.000000 UTC,2018-01-21 06:23:05.000000 UTC
10.05,35.5,0,36.8,1,2,2018-01-12 19:58:54.000000 UTC,2018-01-12 20:41:35.000000 UTC
12.54,35.5,0,36.8,1,2,2018-01-05 20:43:40.000000 UTC,2018-01-05 21:08:35.000000 UTC
9.53,35.5,20,62.06,1,1,2018-01-31 07:49:31.000000 UTC,2018-01-31 08:30:55.000000 UTC
9.49,35.5,6.94,50,1,1,2018-01-10 17:35:25.000000 UTC,2018-01-10 18:22:46.000000 UTC
11.54,35.5,0,43.06,3,1,2018-01-19 16:49:24.000000 UTC,2018-01-19 17:26:44.000000 UTC
9.5,35.5,0,43.06,1,2,2018-01-11 17:03:00.000000 UTC,2018-01-11 17:50:43.000000 UTC
10.9,35.5,0,43.06,1,2,2018-01-03 16:13:36.000000 UTC,2018-01-03 16:49:54.000000 UTC
10.8,35.5,0,43.06,2,2,2018-01-26 18:39:50.000000 UTC,2018-01-26 19:16:13.000000 UTC
11.06,35.5,0,43.06,1,2,2018-01-29 18:29:15.000000 UTC,2018-01-29 19:06:39.000000 UTC
11,35.5,0,43.06,1,2,2018-01-26 17:59:44.000000 UTC,2018-01-26 18:36:54.000000 UTC
11.09,35.5,0,43.06,1,2,2018-01-10 16:29:22.000000 UTC,2018-01-10 17:10:23.000000 UTC
11.49,35.5,0,43.06,1,2,2018-01-05 18:08:44.000000 UTC,2018-01-05 18:42:19.000000 UTC
8.3,35.5,0,43.06,2,2,2018-01-12 16:59:49.000000 UTC,2018-01-12 17:51:18.000000 UTC
9.02,35.5,0,43.06,1,2,2018-01-09 17:05:17.000000 UTC,2018-01-09 17:56:40.000000 UTC
12.88,35.5,1,43.06,1,1,2018-01-10 11:40:21.000000 UTC,2018-01-10 12:10:10.000000 UTC
8.7,35.5,0,43.06,1,2,2018-01-09 17:14:50.000000 UTC,2018-01-09 18:04:31.000000 UTC
12.88,35.5,0,43.06,1,2,2018-01-17 19:48:26.000000 UTC,2018-01-17 20:11:00.000000 UTC
11,35.5,0,43.06,2,2,2018-01-11 19:49:30.000000 UTC,2018-01-11 20:23:59.000000 UTC
6.39,35.5,0,43.06,1,1,2018-01-09 19:24:48.000000 UTC,2018-01-09 20:20:13.000000 UTC
12.72,35.5,11.04,47.84,1,1,2018-01-20 20:46:29.000000 UTC,2018-01-20 21:09:39.000000 UTC
11.64,35.5,11.04,47.84,1,1,2018-01-06 20:33:46.000000 UTC,2018-01-06 21:08:25.000000 UTC
12.31,35.5,11.04,47.84,1,1,2018-01-23 22:38:47.000000 UTC,2018-01-23 23:09:20.000000 UTC
12.52,35.5,11.04,47.84,5,1,2018-01-11 22:25:10.000000 UTC,2018-01-11 22:50:06.000000 UTC
11.12,35.5,11.04,47.84,2,1,2018-01-01 01:21:10.000000 UTC,2018-01-01 01:58:02.000000 UTC
10.7,35.5,8.4,50.46,1,1,2018-01-22 14:00:42.000000 UTC,2018-01-22 14:37:17.000000 UTC
9.4,35.5,8.4,50.46,1,1,2018-01-23 08:11:51.000000 UTC,2018-01-23 08:50:27.000000 UTC
12.1,35.5,8.4,50.46,1,1,2018-01-22 11:42:31.000000 UTC,2018-01-22 12:07:33.000000 UTC
11.1,35.5,8.4,50.46,1,1,2018-01-31 12:33:51.000000 UTC,2018-01-31 13:05:57.000000 UTC
10.3,35.5,8.4,50.46,1,1,2018-01-12 09:45:01.000000 UTC,2018-01-12 10:33:05.000000 UTC
10.8,35.5,8.4,50.46,1,1,2018-01-23 15:39:16.000000 UTC,2018-01-23 16:16:23.000000 UTC
12,35.5,8.4,50.46,1,1,2018-01-31 08:51:56.000000 UTC,2018-01-31 09:24:12.000000 UTC
10.3,35.5,8.4,50.46,2,1,2018-01-11 10:33:51.000000 UTC,2018-01-11 11:17:09.000000 UTC
12,35.5,8.4,50.46,2,1,2018-01-02 14:23:04.000000 UTC,2018-01-02 14:51:45.000000 UTC
11.8,35.5,8.4,50.46,1,1,2018-01-12 13:24:10.000000 UTC,2018-01-12 13:55:48.000000 UTC
7.9,35.5,8.4,50.46,1,1,2018-01-18 08:34:28.000000 UTC,2018-01-18 09:28:21.000000 UTC
9.9,35.5,8.4,50.46,1,1,2018-01-29 13:11:13.000000 UTC,2018-01-29 13:51:23.000000 UTC
12.1,35.5,8.4,50.46,2,1,2018-01-15 19:47:34.000000 UTC,2018-01-15 20:12:50.000000 UTC
8,35.5,8.4,50.46,1,1,2018-01-09 09:17:19.000000 UTC,2018-01-09 10:07:32.000000 UTC
11.7,35.5,8.4,50.46,1,1,2018-01-16 08:40:20.000000 UTC,2018-01-16 09:18:05.000000 UTC
10.8,35.5,8.4,50.46,2,1,2018-01-19 13:26:12.000000 UTC,2018-01-19 13:59:09.000000 UTC
11.4,35.5,8.4,50.46,1,1,2018-01-11 13:17:35.000000 UTC,2018-01-11 13:50:12.000000 UTC
9.9,35.5,8.4,50.46,1,1,2018-01-10 11:14:04.000000 UTC,2018-01-10 11:51:59.000000 UTC
12.2,35.5,8.4,50.46,1,1,2018-01-15 13:16:00.000000 UTC,2018-01-15 13:42:36.000000 UTC
11.4,35.5,8.4,50.46,1,1,2018-01-29 09:53:58.000000 UTC,2018-01-29 10:30:47.000000 UTC
11.2,35.5,8.4,50.46,1,1,2018-01-29 08:44:32.000000 UTC,2018-01-29 09:21:22.000000 UTC
11.9,35.5,8.4,50.46,1,1,2018-01-17 08:10:13.000000 UTC,2018-01-17 08:41:08.000000 UTC
9.3,35.5,8.4,50.46,1,1,2018-01-09 11:21:47.000000 UTC,2018-01-09 12:05:36.000000 UTC
12.4,35.5,8.4,50.46,1,1,2018-01-13 07:25:26.000000 UTC,2018-01-13 07:49:16.000000 UTC
10.3,35.5,8.4,50.46,4,1,2018-01-22 07:02:13.000000 UTC,2018-01-22 07:38:35.000000 UTC
10.5,35.5,8.4,50.46,1,1,2018-01-24 11:37:20.000000 UTC,2018-01-24 12:17:11.000000 UTC
10.5,35.5,8.4,50.46,1,1,2018-01-09 11:05:27.000000 UTC,2018-01-09 11:40:33.000000 UTC
12.4,35.5,10,52.06,1,1,2018-01-25 14:54:42.000000 UTC,2018-01-25 15:27:32.000000 UTC
10.6,35.5,10,52.06,2,1,2018-01-05 13:03:31.000000 UTC,2018-01-05 13:38:47.000000 UTC
10.39,35.5,10,52.06,1,1,2018-01-12 15:15:58.000000 UTC,2018-01-12 16:03:39.000000 UTC
10,35.5,10,52.06,1,1,2018-01-02 12:53:57.000000 UTC,2018-01-02 13:31:19.000000 UTC
11.3,35.5,10,52.06,1,1,2018-01-26 07:36:45.000000 UTC,2018-01-26 08:10:53.000000 UTC
11.8,35.5,10,52.06,1,1,2018-01-21 16:35:29.000000 UTC,2018-01-21 17:14:58.000000 UTC
12.4,35.5,3.2,40,1,1,2018-01-30 22:40:03.000000 UTC,2018-01-30 23:03:47.000000 UTC
11,35.5,3.7,40,1,1,2018-01-11 10:42:13.000000 UTC,2018-01-11 11:17:13.000000 UTC
12.04,35.5,3.2,40,1,1,2018-01-17 02:56:23.000000 UTC,2018-01-17 03:24:03.000000 UTC
9.8,35.5,3.7,40,1,1,2018-01-08 14:31:21.000000 UTC,2018-01-08 15:12:16.000000 UTC
9.68,35.5,6,43.3,1,1,2018-01-24 17:28:13.000000 UTC,2018-01-24 18:14:16.000000 UTC
10.3,35.5,9.3,46.6,1,1,2018-01-17 17:31:54.000000 UTC,2018-01-17 18:11:28.000000 UTC
10.9,35.5,9.3,46.6,1,1,2018-01-11 19:38:55.000000 UTC,2018-01-11 20:16:41.000000 UTC
12.04,35.5,10.64,53.2,1,1,2018-01-17 21:45:20.000000 UTC,2018-01-17 22:14:03.000000 UTC
12.37,35.5,10.64,53.2,1,1,2018-01-21 00:25:52.000000 UTC,2018-01-21 00:51:03.000000 UTC
11.59,35.5,10.64,53.2,5,1,2018-01-31 21:30:50.000000 UTC,2018-01-31 22:09:30.000000 UTC
10.67,35.5,12.62,54.68,1,1,2018-01-18 15:03:07.000000 UTC,2018-01-18 15:42:06.000000 UTC
10.82,35.5,12.62,54.68,5,1,2018-01-17 06:53:54.000000 UTC,2018-01-17 07:38:50.000000 UTC
9.21,35.5,12.62,54.68,6,1,2018-01-13 19:07:11.000000 UTC,2018-01-13 19:54:02.000000 UTC
11.59,35.5,12.62,54.68,1,1,2018-01-15 15:12:07.000000 UTC,2018-01-15 15:48:59.000000 UTC
11.75,35.5,12.62,54.68,1,1,2018-01-25 10:29:50.000000 UTC,2018-01-25 10:57:38.000000 UTC
9.2,35.5,12.62,54.68,1,1,2018-01-30 10:17:40.000000 UTC,2018-01-30 10:59:11.000000 UTC
10.68,35.5,4,40.8,1,1,2018-01-11 21:31:01.000000 UTC,2018-01-11 22:13:49.000000 UTC
11.7,35.5,4,40.8,3,1,2018-01-01 05:16:05.000000 UTC,2018-01-01 05:48:05.000000 UTC
12.1,35.5,4,40.8,1,1,2018-01-21 23:26:34.000000 UTC,2018-01-21 23:52:27.000000 UTC
11.04,35.5,4,40.8,2,1,2018-01-27 00:54:46.000000 UTC,2018-01-27 01:29:02.000000 UTC
11.73,35.5,4,40.8,6,1,2018-01-01 02:37:15.000000 UTC,2018-01-01 03:05:17.000000 UTC
12.33,35.5,4,40.8,5,1,2018-01-16 22:17:10.000000 UTC,2018-01-16 22:42:14.000000 UTC
10.5,35.5,4,40.8,1,1,2018-01-27 21:56:33.000000 UTC,2018-01-27 22:34:33.000000 UTC
11.5,35.5,4,40.8,1,1,2018-01-01 03:44:28.000000 UTC,2018-01-01 04:14:53.000000 UTC
11.99,35.5,4,40.8,1,1,2018-01-03 22:26:41.000000 UTC,2018-01-03 22:56:20.000000 UTC
12.25,35.5,4,40.8,1,1,2018-01-12 05:40:49.000000 UTC,2018-01-12 06:11:07.000000 UTC
11.85,35.5,5,47.06,2,1,2018-01-17 13:56:40.000000 UTC,2018-01-17 14:24:38.000000 UTC
12.02,35.5,5,47.06,3,1,2018-01-12 09:56:37.000000 UTC,2018-01-12 10:24:41.000000 UTC
11.4,35.5,5,47.06,1,1,2018-01-17 13:44:06.000000 UTC,2018-01-17 14:13:30.000000 UTC
9.64,35.5,5,47.06,1,1,2018-01-03 11:41:57.000000 UTC,2018-01-03 12:18:24.000000 UTC
11.71,35.5,5,47.06,1,1,2018-01-05 08:52:02.000000 UTC,2018-01-05 09:20:59.000000 UTC
11.5,35.5,5,47.06,1,1,2018-01-21 15:00:47.000000 UTC,2018-01-21 15:34:22.000000 UTC
10.8,35.5,5,47.06,1,1,2018-01-29 15:25:03.000000 UTC,2018-01-29 15:59:39.000000 UTC
11.17,35.5,5,47.06,2,1,2018-01-11 09:30:18.000000 UTC,2018-01-11 10:00:56.000000 UTC
8.8,35.5,5,47.06,2,1,2018-01-19 12:35:51.000000 UTC,2018-01-19 13:15:31.000000 UTC
11.62,35.5,5,47.06,1,1,2018-01-06 11:14:32.000000 UTC,2018-01-06 11:48:42.000000 UTC
11.9,35.5,5,47.06,1,1,2018-01-17 09:42:24.000000 UTC,2018-01-17 10:11:11.000000 UTC
12.73,35.5,5,47.06,1,1,2018-01-08 14:00:20.000000 UTC,2018-01-08 14:23:53.000000 UTC
11.4,35.5,5,47.06,1,1,2018-01-20 09:15:21.000000 UTC,2018-01-20 09:46:24.000000 UTC
10.86,35.5,5,47.06,6,1,2018-01-03 11:45:26.000000 UTC,2018-01-03 12:21:39.000000 UTC
11.83,35.5,2,38.3,1,1,2018-01-30 09:05:50.000000 UTC,2018-01-30 09:37:53.000000 UTC
6.6,35.5,2,38.3,1,1,2018-01-25 10:58:41.000000 UTC,2018-01-25 11:54:38.000000 UTC
10.56,35.5,2,38.3,1,1,2018-01-21 17:06:52.000000 UTC,2018-01-21 17:41:35.000000 UTC
11.82,35.5,0,39.44,5,1,2018-01-06 03:08:07.000000 UTC,2018-01-06 03:36:03.000000 UTC
11.9,35.5,2,44.56,1,1,2018-01-22 22:35:40.000000 UTC,2018-01-22 23:00:51.000000 UTC
10.55,35.5,0,42.06,1,2,2018-01-18 13:56:42.000000 UTC,2018-01-18 14:34:38.000000 UTC
12.08,35.5,0,42.06,1,2,2018-01-19 14:11:15.000000 UTC,2018-01-19 14:40:00.000000 UTC
10.1,35.5,0,42.06,1,2,2018-01-18 09:28:57.000000 UTC,2018-01-18 10:08:27.000000 UTC
12,35.5,0,42.06,5,2,2018-01-28 17:51:41.000000 UTC,2018-01-28 18:18:55.000000 UTC
11.4,35.5,0,42.06,1,2,2018-01-22 15:15:53.000000 UTC,2018-01-22 15:51:24.000000 UTC
12.8,35.5,0,42.06,1,2,2018-01-11 15:01:10.000000 UTC,2018-01-11 15:30:11.000000 UTC
10.68,35.5,0,42.06,1,2,2018-01-13 10:21:11.000000 UTC,2018-01-13 10:50:15.000000 UTC
11.41,35.5,0,42.06,1,2,2018-01-28 14:50:45.000000 UTC,2018-01-28 15:21:43.000000 UTC
9.46,35.5,0,42.06,1,2,2018-01-25 12:15:20.000000 UTC,2018-01-25 12:53:10.000000 UTC
9.1,35.5,0,42.06,4,2,2018-01-25 12:33:16.000000 UTC,2018-01-25 13:13:23.000000 UTC
11.39,35.5,0,42.06,1,2,2018-01-02 11:20:44.000000 UTC,2018-01-02 11:51:09.000000 UTC
11.28,35.5,0,42.06,4,2,2018-01-29 14:19:20.000000 UTC,2018-01-29 14:50:05.000000 UTC
9.9,35.5,0,42.06,1,2,2018-01-19 12:58:12.000000 UTC,2018-01-19 13:39:37.000000 UTC
10.3,35.5,0,42.06,1,2,2018-01-08 08:41:30.000000 UTC,2018-01-08 09:18:05.000000 UTC
11.4,35.5,0,42.06,4,2,2018-01-21 10:40:47.000000 UTC,2018-01-21 11:11:09.000000 UTC
11.8,35.5,0,42.06,4,2,2018-01-06 08:01:04.000000 UTC,2018-01-06 08:30:20.000000 UTC
11.39,35.5,0,42.06,6,2,2018-01-14 13:51:57.000000 UTC,2018-01-14 14:30:23.000000 UTC
9.7,35.5,0,42.06,1,2,2018-01-28 13:59:13.000000 UTC,2018-01-28 14:38:48.000000 UTC
13.08,35.5,0,42.06,5,1,2018-01-21 19:36:13.000000 UTC,2018-01-21 19:57:53.000000 UTC
12.55,35.5,0,42.06,1,1,2018-01-21 09:48:48.000000 UTC,2018-01-21 10:12:06.000000 UTC
11.27,35.5,0,42.06,1,2,2018-01-11 10:39:00.000000 UTC,2018-01-11 11:18:02.000000 UTC
11.49,35.5,0,42.06,2,2,2018-01-07 13:00:46.000000 UTC,2018-01-07 13:27:49.000000 UTC
10.74,35.5,0,42.06,1,2,2018-01-19 11:07:24.000000 UTC,2018-01-19 11:44:12.000000 UTC
9.3,35.5,0,42.06,1,2,2018-01-03 12:16:57.000000 UTC,2018-01-03 12:57:15.000000 UTC
9.87,35.5,0,42.06,1,2,2018-01-15 14:50:00.000000 UTC,2018-01-15 15:28:54.000000 UTC
10.64,35.5,0,42.06,1,2,2018-01-11 11:47:48.000000 UTC,2018-01-11 12:28:32.000000 UTC
12.1,35.5,0,42.06,4,2,2018-01-02 06:48:28.000000 UTC,2018-01-02 07:17:03.000000 UTC
10.74,35.5,0,42.06,1,2,2018-01-10 15:18:50.000000 UTC,2018-01-10 15:56:41.000000 UTC
9.6,35.5,0,42.06,1,2,2018-01-03 10:24:56.000000 UTC,2018-01-03 11:02:58.000000 UTC
11.1,35.5,0,42.06,1,1,2018-01-14 14:02:09.000000 UTC,2018-01-14 14:39:59.000000 UTC
11.4,35.5,0,42.06,4,2,2018-01-28 11:23:22.000000 UTC,2018-01-28 11:53:21.000000 UTC
10,35.5,0,42.06,1,1,2018-01-30 10:57:57.000000 UTC,2018-01-30 11:34:21.000000 UTC
10,35.5,0,42.06,1,2,2018-01-31 11:36:40.000000 UTC,2018-01-31 12:15:27.000000 UTC
11.2,35.5,0,42.06,1,2,2018-01-23 13:01:03.000000 UTC,2018-01-23 13:35:11.000000 UTC
8.43,35.5,0,42.06,1,2,2018-01-24 08:19:46.000000 UTC,2018-01-25 07:28:14.000000 UTC
10.12,35.5,0,42.06,2,2,2018-01-09 13:58:20.000000 UTC,2018-01-09 14:36:43.000000 UTC
10.3,35.5,0,42.06,2,2,2018-01-08 11:31:10.000000 UTC,2018-01-08 12:06:04.000000 UTC
11.44,35.5,0,42.06,1,2,2018-01-22 09:55:51.000000 UTC,2018-01-22 10:26:39.000000 UTC
12.11,35.5,0,42.06,1,2,2018-01-27 10:50:32.000000 UTC,2018-01-27 11:19:29.000000 UTC
10.8,35.5,0,42.06,3,1,2018-01-05 10:49:57.000000 UTC,2018-01-05 11:27:05.000000 UTC
11.35,35.5,0,42.06,1,1,2018-01-07 14:50:17.000000 UTC,2018-01-07 15:24:10.000000 UTC
12.54,35.5,7.24,49.8,1,1,2018-01-28 23:29:56.000000 UTC,2018-01-28 23:55:51.000000 UTC
10,35.5,0,47.3,1,2,2018-01-01 04:40:20.000000 UTC,2018-01-01 05:33:05.000000 UTC
12.39,35.5,8.41,52.42,1,1,2018-01-13 06:18:08.000000 UTC,2018-01-13 06:42:22.000000 UTC
9.6,35.5,8.41,52.42,1,1,2018-01-09 07:58:16.000000 UTC,2018-01-09 08:38:39.000000 UTC
9.65,35.5,9.32,46.62,1,1,2018-01-12 17:26:47.000000 UTC,2018-01-12 18:18:16.000000 UTC
11.25,35.5,9.32,46.62,1,1,2018-01-18 19:32:04.000000 UTC,2018-01-18 20:04:44.000000 UTC
13.15,35.5,9.32,46.62,1,1,2018-01-31 18:57:50.000000 UTC,2018-01-31 19:19:49.000000 UTC
9.55,35.5,9.32,46.62,1,1,2018-01-17 17:58:35.000000 UTC,2018-01-17 18:40:53.000000 UTC
9.13,35.5,9.32,46.62,1,1,2018-01-22 16:00:50.000000 UTC,2018-01-22 16:27:31.000000 UTC
8.09,35.5,9.32,46.62,2,1,2018-01-03 18:21:57.000000 UTC,2018-01-03 19:11:23.000000 UTC
10.58,35.5,9.32,46.62,1,1,2018-01-31 18:25:50.000000 UTC,2018-01-31 19:05:27.000000 UTC
11.9,35.5,8.5,51.06,1,1,2018-01-17 21:38:46.000000 UTC,2018-01-17 22:09:29.000000 UTC
12.7,35.5,8.5,51.06,1,1,2018-01-21 22:00:45.000000 UTC,2018-01-21 22:23:28.000000 UTC
11.6,35.5,8.5,51.06,1,1,2018-01-24 20:37:20.000000 UTC,2018-01-24 21:09:37.000000 UTC
13,35.5,8.5,51.06,1,1,2018-01-15 21:25:32.000000 UTC,2018-01-15 21:49:08.000000 UTC
11.8,35.5,8.5,51.06,2,1,2018-01-28 20:57:26.000000 UTC,2018-01-28 21:25:16.000000 UTC
11.4,35.5,8,51.06,1,1,2018-01-25 18:35:01.000000 UTC,2018-01-25 19:05:36.000000 UTC
10.08,35.5,8,51.06,1,1,2018-01-18 17:08:59.000000 UTC,2018-01-18 17:51:21.000000 UTC
8.9,35.5,8,51.06,1,1,2018-01-11 17:33:21.000000 UTC,2018-01-11 18:21:43.000000 UTC
10.9,35.5,8.5,51.06,1,1,2018-01-12 21:49:01.000000 UTC,2018-01-12 22:25:55.000000 UTC
10,35.5,8.5,51.06,2,1,2018-01-03 00:03:31.000000 UTC,2018-01-03 00:39:25.000000 UTC
10.8,35.5,8.5,51.06,1,1,2018-01-15 21:11:33.000000 UTC,2018-01-15 21:46:15.000000 UTC
12,35.5,2.7,39,1,1,2018-01-16 07:35:27.000000 UTC,2018-01-16 08:03:00.000000 UTC
9.6,35.5,2.7,39,2,1,2018-01-24 15:26:52.000000 UTC,2018-01-24 16:12:28.000000 UTC
10.1,35.5,5,42.3,5,1,2018-01-22 15:54:48.000000 UTC,2018-01-22 16:38:23.000000 UTC
10.4,35.5,6,42.3,1,1,2018-01-13 12:12:20.000000 UTC,2018-01-13 12:47:38.000000 UTC
8.28,35.5,5,42.3,1,1,2018-01-10 16:56:19.000000 UTC,2018-01-10 17:51:33.000000 UTC
11.26,35.5,5,42.3,2,1,2018-01-16 17:53:05.000000 UTC,2018-01-16 18:33:57.000000 UTC
12.04,35.5,6,42.3,1,1,2018-01-12 07:03:01.000000 UTC,2018-01-12 07:34:18.000000 UTC
8.5,35.5,5,42.3,2,1,2018-01-09 19:34:22.000000 UTC,2018-01-09 20:25:21.000000 UTC
12.3,35.5,6,48.56,1,1,2018-01-30 21:28:54.000000 UTC,2018-01-30 21:53:32.000000 UTC
12.6,35.5,6,48.56,1,1,2018-01-03 21:21:05.000000 UTC,2018-01-03 21:43:55.000000 UTC
10.93,35.5,6,48.56,1,1,2018-01-23 20:18:54.000000 UTC,2018-01-23 20:49:03.000000 UTC
11.9,35.5,3.5,39.8,1,1,2018-01-10 12:38:21.000000 UTC,2018-01-10 13:10:39.000000 UTC
12.2,35.5,0,39.46,1,2,2018-01-03 16:38:47.000000 UTC,2018-01-03 17:10:21.000000 UTC
12.34,35.5,4,46.06,1,1,2018-01-21 09:45:00.000000 UTC,2018-01-21 10:11:35.000000 UTC
9.6,35.5,4,46.06,1,1,2018-01-09 08:30:15.000000 UTC,2018-01-09 09:25:11.000000 UTC
11.4,35.5,4,46.06,1,1,2018-01-07 14:05:33.000000 UTC,2018-01-07 14:37:14.000000 UTC
11.49,35.5,0,37.3,1,2,2018-01-12 17:30:08.000000 UTC,2018-01-12 18:06:19.000000 UTC
10.38,35.5,0,37.3,5,2,2018-01-05 17:10:54.000000 UTC,2018-01-05 17:54:52.000000 UTC
8.2,35.5,0,37.3,1,1,2018-01-25 18:36:08.000000 UTC,2018-01-25 19:26:53.000000 UTC
12.43,35.5,0,37.3,2,1,2018-01-10 19:24:15.000000 UTC,2018-01-10 19:52:10.000000 UTC
10.1,35.5,0,37.3,1,3,2018-01-03 17:11:32.000000 UTC,2018-01-03 17:58:27.000000 UTC
11.9,35.5,0,37.3,2,2,2018-01-03 16:45:40.000000 UTC,2018-01-03 17:16:22.000000 UTC
10.72,35.5,0,37.3,1,1,2018-01-10 16:49:19.000000 UTC,2018-01-10 17:27:59.000000 UTC
9,35.5,0,37.3,1,2,2018-01-12 18:04:06.000000 UTC,2018-01-12 18:51:58.000000 UTC
10.06,35.5,0,37.3,1,1,2018-01-16 16:51:05.000000 UTC,2018-01-16 17:35:32.000000 UTC
12.58,35.5,0,37.3,1,1,2018-01-16 19:58:25.000000 UTC,2018-01-16 20:22:23.000000 UTC
8.48,35.5,0,37.3,1,1,2018-01-26 17:28:28.000000 UTC,2018-01-26 18:16:31.000000 UTC
12.13,35.5,0,37.3,2,2,2018-01-22 19:48:42.000000 UTC,2018-01-22 20:16:14.000000 UTC
11,35.5,1,37.3,1,1,2018-01-13 14:26:00.000000 UTC,2018-01-13 15:17:45.000000 UTC
12.98,35.5,0,37.3,2,2,2018-01-31 19:52:31.000000 UTC,2018-01-31 20:14:00.000000 UTC
9.44,35.5,0,37.3,1,2,2018-01-08 18:57:05.000000 UTC,2018-01-08 19:48:13.000000 UTC
11.85,35.5,0,37.3,2,2,2018-01-08 18:34:37.000000 UTC,2018-01-08 19:16:45.000000 UTC
9.1,35.5,0,37.3,3,2,2018-01-09 17:44:15.000000 UTC,2018-01-09 18:35:59.000000 UTC
10.14,35.5,0,37.3,1,2,2018-01-17 16:42:40.000000 UTC,2018-01-17 17:29:15.000000 UTC
11.8,35.5,0,37.3,1,2,2018-01-12 18:25:03.000000 UTC,2018-01-12 19:10:00.000000 UTC
11.7,35.5,12.9,55.96,1,1,2018-01-16 18:53:21.000000 UTC,2018-01-16 19:25:50.000000 UTC
12.09,35.5,9.08,45.38,5,1,2018-01-29 12:38:32.000000 UTC,2018-01-29 13:07:16.000000 UTC
9.54,35.5,9.08,45.38,5,1,2018-01-14 16:17:50.000000 UTC,2018-01-14 17:06:32.000000 UTC
11.78,35.5,9.08,45.38,1,1,2018-01-01 13:44:41.000000 UTC,2018-01-01 14:14:51.000000 UTC
11.95,35.5,9.08,45.38,1,1,2018-01-01 12:56:10.000000 UTC,2018-01-01 13:21:24.000000 UTC
12.08,35.5,9.08,45.38,2,1,2018-01-02 10:02:59.000000 UTC,2018-01-02 10:28:37.000000 UTC
10.72,35.5,9.08,45.38,3,1,2018-01-12 14:45:19.000000 UTC,2018-01-12 15:22:32.000000 UTC
10.3,35.5,9.08,45.38,1,1,2018-01-03 07:41:14.000000 UTC,2018-01-03 08:21:08.000000 UTC
10.08,35.5,9.08,45.38,1,1,2018-01-13 18:52:52.000000 UTC,2018-01-13 19:34:30.000000 UTC
13.08,35.5,9.08,45.38,1,1,2018-01-05 08:37:31.000000 UTC,2018-01-05 08:58:57.000000 UTC
9.74,35.5,9.08,45.38,1,1,2018-01-12 15:02:50.000000 UTC,2018-01-12 15:50:12.000000 UTC
11.69,35.5,9.08,45.38,2,1,2018-01-22 15:38:07.000000 UTC,2018-01-22 16:14:12.000000 UTC
6.81,35.5,9.08,45.38,1,1,2018-01-12 15:21:55.000000 UTC,2018-01-12 16:17:10.000000 UTC
10.84,35.5,9.08,45.38,1,1,2018-01-20 14:24:37.000000 UTC,2018-01-20 15:06:15.000000 UTC
10.31,35.5,9.08,45.38,2,1,2018-01-17 07:04:01.000000 UTC,2018-01-17 07:43:23.000000 UTC
10.54,35.5,9.08,45.38,1,1,2018-01-12 06:54:24.000000 UTC,2018-01-12 07:36:45.000000 UTC
13.12,35.5,9.08,45.38,2,1,2018-01-07 18:11:24.000000 UTC,2018-01-07 18:38:03.000000 UTC
8.73,35.5,7.26,43.56,1,1,2018-01-13 17:30:55.000000 UTC,2018-01-13 18:16:54.000000 UTC
10.59,35.5,7.26,43.56,1,1,2018-01-20 10:32:02.000000 UTC,2018-01-20 11:07:17.000000 UTC
10.1,35.5,7.26,43.56,1,1,2018-01-16 15:13:13.000000 UTC,2018-01-16 15:52:05.000000 UTC
10.72,35.5,7.26,43.56,5,1,2018-01-15 11:03:46.000000 UTC,2018-01-15 11:38:38.000000 UTC
9.02,35.5,7.26,43.56,1,1,2018-01-19 14:18:12.000000 UTC,2018-01-19 15:05:28.000000 UTC
12.29,35.5,7.26,43.56,1,1,2018-01-14 13:57:05.000000 UTC,2018-01-14 14:26:35.000000 UTC
11.59,35.5,7.26,43.56,1,1,2018-01-15 11:23:21.000000 UTC,2018-01-15 11:52:30.000000 UTC
11.65,35.5,7.26,43.56,1,1,2018-01-01 15:37:27.000000 UTC,2018-01-01 16:09:11.000000 UTC
10.76,35.5,7.26,43.56,2,1,2018-01-05 14:18:24.000000 UTC,2018-01-05 14:54:09.000000 UTC
9.13,35.5,7.26,43.56,1,1,2018-01-27 14:03:05.000000 UTC,2018-01-27 14:48:01.000000 UTC
12.5,35.5,7.26,43.56,2,1,2018-01-13 15:36:48.000000 UTC,2018-01-13 16:07:19.000000 UTC
11.9,35.5,7.26,43.56,1,1,2018-01-07 15:42:47.000000 UTC,2018-01-07 16:17:43.000000 UTC
11.19,35.5,7.26,43.56,1,1,2018-01-19 13:42:37.000000 UTC,2018-01-19 14:21:08.000000 UTC
12.97,35.5,7.26,43.56,4,1,2018-01-13 08:38:12.000000 UTC,2018-01-13 09:01:10.000000 UTC
10.34,35.5,7.26,43.56,1,1,2018-01-28 17:17:04.000000 UTC,2018-01-28 17:56:36.000000 UTC
10.16,35.5,7.26,43.56,1,1,2018-01-28 16:20:54.000000 UTC,2018-01-28 17:00:01.000000 UTC
10.76,35.5,7.26,43.56,3,1,2018-01-18 13:56:16.000000 UTC,2018-01-18 14:29:27.000000 UTC
11.65,35.5,7.26,43.56,1,1,2018-01-29 12:13:00.000000 UTC,2018-01-29 12:48:54.000000 UTC
11.88,35.5,7.26,43.56,2,1,2018-01-06 09:51:21.000000 UTC,2018-01-06 10:21:11.000000 UTC
11.43,35.5,7.26,43.56,2,1,2018-01-21 17:54:01.000000 UTC,2018-01-21 18:27:08.000000 UTC
12.56,35.5,7.26,43.56,1,1,2018-01-01 16:29:48.000000 UTC,2018-01-01 16:58:49.000000 UTC
11.33,35.5,7.26,43.56,2,1,2018-01-02 10:59:40.000000 UTC,2018-01-02 11:33:43.000000 UTC
7.16,35.5,7.26,43.56,1,1,2018-01-12 07:51:20.000000 UTC,2018-01-12 08:47:10.000000 UTC
10.67,35.5,7.26,43.56,5,1,2018-01-26 10:33:31.000000 UTC,2018-01-26 11:09:01.000000 UTC
8.13,35.5,7.26,43.56,3,1,2018-01-22 14:47:18.000000 UTC,2018-01-22 15:33:21.000000 UTC
12.57,35.5,7.26,43.56,5,1,2018-01-31 13:48:19.000000 UTC,2018-01-31 14:20:23.000000 UTC
7.68,35.5,7.26,43.56,3,1,2018-01-19 12:02:49.000000 UTC,2018-01-19 12:49:32.000000 UTC
10.22,35.5,7.26,43.56,1,1,2018-01-12 15:12:45.000000 UTC,2018-01-12 16:00:33.000000 UTC
12.2,35.5,7.26,43.56,1,1,2018-01-29 14:02:55.000000 UTC,2018-01-29 14:33:25.000000 UTC
10.46,35.5,7.26,43.56,2,1,2018-01-07 17:06:27.000000 UTC,2018-01-07 17:45:30.000000 UTC
11.37,35.5,7.26,43.56,1,1,2018-01-28 14:28:34.000000 UTC,2018-01-28 15:00:46.000000 UTC
9.71,35.5,7.26,43.56,1,1,2018-01-15 16:33:25.000000 UTC,2018-01-15 17:19:15.000000 UTC
12.7,35.5,7.26,43.56,1,1,2018-01-07 19:48:41.000000 UTC,2018-01-07 20:11:54.000000 UTC
10.37,35.5,7.26,43.56,1,1,2018-01-08 12:36:34.000000 UTC,2018-01-08 13:12:12.000000 UTC
11.44,35.5,7.26,43.56,1,1,2018-01-07 12:33:49.000000 UTC,2018-01-07 13:04:15.000000 UTC
11.22,35.5,7.26,43.56,5,1,2018-01-28 16:52:16.000000 UTC,2018-01-28 17:27:08.000000 UTC
11.5,35.5,5.44,41.74,2,1,2018-01-13 12:11:30.000000 UTC,2018-01-13 12:42:20.000000 UTC
10.8,35.5,5.44,41.74,2,1,2018-01-27 11:41:31.000000 UTC,2018-01-27 12:18:07.000000 UTC
11.6,35.5,5.44,41.74,1,1,2018-01-08 07:22:39.000000 UTC,2018-01-08 07:55:20.000000 UTC
11.33,35.5,5.44,41.74,5,1,2018-01-07 18:56:17.000000 UTC,2018-01-07 19:27:56.000000 UTC
9.4,35.5,5.44,41.74,1,1,2018-01-06 06:40:01.000000 UTC,2018-01-06 07:26:49.000000 UTC
11,35.5,5.4,42.2,1,1,2018-01-03 00:11:31.000000 UTC,2018-01-03 00:38:52.000000 UTC
12.47,35.5,6.2,43,1,1,2018-01-24 20:07:53.000000 UTC,2018-01-24 20:33:24.000000 UTC
10.8,35.5,6.7,43,1,1,2018-01-21 16:20:46.000000 UTC,2018-01-21 16:57:12.000000 UTC
12,35.5,5.52,42.32,1,1,2018-01-16 20:15:41.000000 UTC,2018-01-16 20:45:05.000000 UTC
9.3,35.5,10.5,52.56,1,1,2018-01-31 15:33:57.000000 UTC,2018-01-31 16:17:39.000000 UTC
12.4,35.5,10.5,52.56,2,1,2018-01-06 06:33:47.000000 UTC,2018-01-06 06:57:37.000000 UTC
10.7,35.5,10.5,52.56,2,1,2018-01-23 11:44:51.000000 UTC,2018-01-23 12:21:13.000000 UTC
12.3,35.5,10.5,52.56,1,1,2018-01-22 15:09:33.000000 UTC,2018-01-22 15:39:02.000000 UTC
10.6,35.5,10.5,52.56,1,1,2018-01-10 15:41:08.000000 UTC,2018-01-10 16:23:35.000000 UTC
8.5,35.5,10.5,52.56,1,1,2018-01-09 11:38:53.000000 UTC,2018-01-09 12:21:10.000000 UTC
11.1,35.5,10.5,52.56,1,1,2018-01-22 08:37:17.000000 UTC,2018-01-22 09:28:28.000000 UTC
12.4,35.5,10.5,52.56,2,1,2018-01-15 18:49:12.000000 UTC,2018-01-15 19:15:26.000000 UTC
11.1,35.5,10.5,52.56,1,1,2018-01-17 15:59:42.000000 UTC,2018-01-17 16:37:05.000000 UTC
9.8,35.5,10.5,52.56,1,1,2018-01-09 13:18:15.000000 UTC,2018-01-09 13:55:10.000000 UTC
11.7,35.5,10.5,52.56,1,1,2018-01-24 15:00:47.000000 UTC,2018-01-24 15:36:00.000000 UTC
11.5,35.5,10.5,52.56,1,1,2018-01-22 08:47:40.000000 UTC,2018-01-22 09:24:31.000000 UTC
12.4,35.5,10.5,52.56,1,1,2018-01-09 15:11:44.000000 UTC,2018-01-09 15:42:38.000000 UTC
9.1,35.5,10.5,52.56,1,1,2018-01-09 10:35:22.000000 UTC,2018-01-09 11:24:41.000000 UTC
12.77,35.5,7,43.8,1,1,2018-01-23 23:48:25.000000 UTC,2018-01-24 00:12:42.000000 UTC
12.7,35.5,7,43.8,1,1,2018-01-23 21:03:32.000000 UTC,2018-01-23 21:24:41.000000 UTC
11.45,35.5,7,43.8,1,1,2018-01-31 20:50:32.000000 UTC,2018-01-31 21:22:45.000000 UTC
9,35.5,8,50.06,2,1,2018-01-20 19:34:26.000000 UTC,2018-01-20 20:15:13.000000 UTC
9.9,35.5,7,50.06,2,1,2018-01-12 15:52:01.000000 UTC,2018-01-12 16:39:18.000000 UTC
12.2,35.5,8,50.06,2,1,2018-01-25 07:15:25.000000 UTC,2018-01-25 07:46:32.000000 UTC
11.04,35.5,8,50.06,1,1,2018-01-15 17:53:17.000000 UTC,2018-01-15 18:29:53.000000 UTC
12,35.5,8,50.06,1,1,2018-01-17 07:15:54.000000 UTC,2018-01-17 07:47:56.000000 UTC
8.9,35.5,8,50.06,1,1,2018-01-22 09:53:30.000000 UTC,2018-01-22 10:36:20.000000 UTC
9.87,35.5,5,41.3,1,1,2018-01-08 09:34:04.000000 UTC,2018-01-08 10:22:08.000000 UTC
11.55,35.5,5,41.3,2,1,2018-01-27 09:04:23.000000 UTC,2018-01-27 09:35:24.000000 UTC
11.8,35.5,5,41.3,1,1,2018-01-29 15:15:22.000000 UTC,2018-01-29 15:54:15.000000 UTC
12.9,35.5,5,41.3,1,1,2018-01-10 10:01:43.000000 UTC,2018-01-10 10:26:21.000000 UTC
6.28,35.5,5,41.3,1,1,2018-01-06 17:00:17.000000 UTC,2018-01-06 17:58:12.000000 UTC
11.9,35.5,5,41.3,1,1,2018-01-26 11:47:23.000000 UTC,2018-01-26 12:19:44.000000 UTC
11.3,35.5,5,41.3,1,1,2018-01-06 19:25:46.000000 UTC,2018-01-06 20:00:06.000000 UTC
11.1,35.5,9.35,56.15,1,1,2018-01-11 11:32:48.000000 UTC,2018-01-11 12:08:32.000000 UTC
11,35.5,9.05,45.35,2,1,2018-01-07 07:57:50.000000 UTC,2018-01-07 08:32:21.000000 UTC
12.4,35.5,9.05,45.35,2,1,2018-01-28 08:06:00.000000 UTC,2018-01-28 08:35:41.000000 UTC
11.4,35.5,9.05,45.35,1,1,2018-01-19 08:43:28.000000 UTC,2018-01-19 09:16:29.000000 UTC
8.6,35.5,9.05,45.35,1,1,2018-01-28 18:59:33.000000 UTC,2018-01-28 19:48:37.000000 UTC
10.93,35.5,8.41,50.47,1,1,2018-01-05 15:05:09.000000 UTC,2018-01-05 15:41:47.000000 UTC
12.31,35.5,8.41,50.47,1,1,2018-01-12 11:19:48.000000 UTC,2018-01-12 11:50:39.000000 UTC
12,35.5,8.41,50.47,2,1,2018-01-09 07:28:48.000000 UTC,2018-01-09 08:00:37.000000 UTC
11.5,35.5,8.41,50.47,2,1,2018-01-25 14:20:04.000000 UTC,2018-01-25 14:55:27.000000 UTC
11.08,35.5,8.41,50.47,1,1,2018-01-15 15:35:09.000000 UTC,2018-01-15 16:09:24.000000 UTC
11.53,35.5,8.41,50.47,1,1,2018-01-06 12:33:54.000000 UTC,2018-01-06 13:02:42.000000 UTC
12.77,35.5,8.41,50.47,1,1,2018-01-14 14:49:40.000000 UTC,2018-01-14 15:14:39.000000 UTC
9.44,35.5,8.41,50.47,3,1,2018-01-10 15:39:48.000000 UTC,2018-01-10 16:27:50.000000 UTC
11.02,35.5,8.41,50.47,1,1,2018-01-12 12:03:59.000000 UTC,2018-01-12 12:39:44.000000 UTC
9.89,35.5,8.41,50.47,2,1,2018-01-18 09:04:59.000000 UTC,2018-01-18 09:56:58.000000 UTC
11.19,35.5,8.41,50.47,1,1,2018-01-23 13:28:17.000000 UTC,2018-01-23 14:03:17.000000 UTC
11.74,35.5,8.41,50.47,1,1,2018-01-21 11:59:38.000000 UTC,2018-01-21 12:29:56.000000 UTC
10.86,35.5,8.41,50.47,1,1,2018-01-22 11:31:35.000000 UTC,2018-01-22 12:02:47.000000 UTC
8.88,35.5,8.41,50.47,5,1,2018-01-10 10:26:09.000000 UTC,2018-01-10 11:10:01.000000 UTC
10.59,35.5,8.41,50.47,1,1,2018-01-31 14:59:14.000000 UTC,2018-01-31 15:37:24.000000 UTC
12.16,35.5,8.41,50.47,2,1,2018-01-28 17:22:57.000000 UTC,2018-01-28 17:53:08.000000 UTC
11.01,35.5,8.41,50.47,1,1,2018-01-21 16:52:55.000000 UTC,2018-01-21 17:32:29.000000 UTC
11.6,35.5,8.41,50.47,1,1,2018-01-24 08:04:41.000000 UTC,2018-01-24 08:38:21.000000 UTC
11.1,35.5,8.41,50.47,2,1,2018-01-29 15:34:28.000000 UTC,2018-01-29 16:10:04.000000 UTC
10.06,35.5,8.41,50.47,1,1,2018-01-22 09:09:45.000000 UTC,2018-01-22 09:48:15.000000 UTC
10.44,35.5,8.41,50.47,1,1,2018-01-30 09:56:48.000000 UTC,2018-01-30 10:39:18.000000 UTC
8.73,35.5,8.41,50.47,1,1,2018-01-10 12:17:58.000000 UTC,2018-01-10 12:58:40.000000 UTC
11.54,35.5,8.41,50.47,1,1,2018-01-25 10:59:01.000000 UTC,2018-01-25 11:32:39.000000 UTC
11.05,35.5,8.41,50.47,6,1,2018-01-29 11:32:06.000000 UTC,2018-01-29 12:07:19.000000 UTC
10.96,35.5,8.41,50.47,2,1,2018-01-24 10:48:12.000000 UTC,2018-01-24 11:28:38.000000 UTC
8.73,35.5,8.41,50.47,2,1,2018-01-24 15:01:03.000000 UTC,2018-01-24 15:41:37.000000 UTC
11,35.5,8.41,50.47,2,1,2018-01-18 12:42:53.000000 UTC,2018-01-18 13:15:31.000000 UTC
12.14,35.5,8.41,50.47,1,1,2018-01-15 13:43:59.000000 UTC,2018-01-15 14:11:15.000000 UTC
10.59,35.5,8.41,50.47,1,1,2018-01-12 15:07:35.000000 UTC,2018-01-12 15:53:06.000000 UTC
11.39,35.5,8.41,50.47,1,1,2018-01-01 14:32:32.000000 UTC,2018-01-01 15:04:31.000000 UTC
12.26,35.5,8.41,50.47,1,1,2018-01-02 15:36:17.000000 UTC,2018-01-02 16:07:01.000000 UTC
11.03,35.5,8.41,50.47,1,1,2018-01-21 16:14:48.000000 UTC,2018-01-21 16:50:02.000000 UTC
9.98,35.5,8.41,50.47,1,1,2018-01-05 12:14:01.000000 UTC,2018-01-05 12:50:49.000000 UTC
10.45,35.5,8.41,50.47,2,1,2018-01-16 14:35:35.000000 UTC,2018-01-16 15:10:41.000000 UTC
11.67,35.5,8.41,50.47,1,1,2018-01-26 13:05:49.000000 UTC,2018-01-26 13:35:02.000000 UTC
11.95,35.5,8.41,50.47,5,1,2018-01-28 17:09:58.000000 UTC,2018-01-28 17:40:49.000000 UTC
11.41,35.5,8.41,50.47,1,1,2018-01-27 15:17:39.000000 UTC,2018-01-27 15:53:54.000000 UTC
9.65,35.5,8.41,50.47,1,1,2018-01-09 12:03:35.000000 UTC,2018-01-09 12:41:59.000000 UTC
9.43,35.5,8.41,50.47,2,1,2018-01-05 09:04:01.000000 UTC,2018-01-05 09:43:29.000000 UTC
10.35,35.5,8.41,50.47,4,1,2018-01-02 13:57:29.000000 UTC,2018-01-02 14:36:28.000000 UTC
11.41,35.5,8.41,50.47,1,1,2018-01-25 09:31:12.000000 UTC,2018-01-25 10:00:38.000000 UTC
11.37,35.5,8.41,50.47,2,1,2018-01-21 14:14:37.000000 UTC,2018-01-21 14:46:43.000000 UTC
12.19,35.5,8.41,50.47,1,1,2018-01-10 07:38:45.000000 UTC,2018-01-10 08:13:08.000000 UTC
11.54,35.5,8.41,50.47,1,1,2018-01-25 08:22:14.000000 UTC,2018-01-25 08:56:13.000000 UTC
11.75,35.5,8.41,50.47,1,1,2018-01-16 06:40:41.000000 UTC,2018-01-16 07:09:03.000000 UTC
11.74,35.5,8.41,50.47,1,1,2018-01-11 08:20:56.000000 UTC,2018-01-11 08:54:22.000000 UTC
8.43,35.5,8.41,50.47,2,1,2018-01-11 09:52:10.000000 UTC,2018-01-11 10:42:52.000000 UTC
10.66,35.5,8.41,50.47,1,1,2018-01-16 09:48:48.000000 UTC,2018-01-16 10:37:13.000000 UTC
11.19,35.5,8.41,50.47,1,1,2018-01-25 09:50:03.000000 UTC,2018-01-25 10:23:32.000000 UTC
10.35,35.5,8.41,50.47,2,1,2018-01-11 10:38:24.000000 UTC,2018-01-11 11:16:35.000000 UTC
11.09,35.5,8.41,50.47,1,1,2018-01-26 07:46:13.000000 UTC,2018-01-26 08:23:13.000000 UTC
11.44,35.5,8.41,50.47,1,1,2018-01-14 15:29:21.000000 UTC,2018-01-14 16:04:10.000000 UTC
10.46,35.5,8.41,50.47,2,1,2018-01-29 10:55:43.000000 UTC,2018-01-29 11:34:52.000000 UTC
9.19,35.5,8.41,50.47,1,1,2018-01-08 11:13:14.000000 UTC,2018-01-08 11:57:43.000000 UTC
10.48,35.5,8.41,50.47,1,1,2018-01-28 16:29:45.000000 UTC,2018-01-28 17:09:45.000000 UTC
11,35.5,8.41,50.47,3,1,2018-01-30 15:06:07.000000 UTC,2018-01-30 15:39:08.000000 UTC
10.68,35.5,8.41,50.47,2,1,2018-01-30 10:55:21.000000 UTC,2018-01-30 11:31:21.000000 UTC
11.68,35.5,8.41,50.47,1,1,2018-01-01 16:28:35.000000 UTC,2018-01-01 17:01:09.000000 UTC
11.06,35.5,8.41,50.47,1,1,2018-01-31 09:58:12.000000 UTC,2018-01-31 10:36:13.000000 UTC
11.96,35.5,8.41,50.47,1,1,2018-01-25 14:07:00.000000 UTC,2018-01-25 14:35:11.000000 UTC
10.66,35.5,8.41,50.47,1,1,2018-01-18 14:02:31.000000 UTC,2018-01-18 14:41:17.000000 UTC
10.44,35.5,8.41,50.47,1,1,2018-01-19 11:18:52.000000 UTC,2018-01-19 11:55:17.000000 UTC
11.72,35.5,8.41,50.47,2,1,2018-01-29 13:41:29.000000 UTC,2018-01-29 14:19:55.000000 UTC
12.73,35.5,8.41,50.47,5,1,2018-01-31 14:38:59.000000 UTC,2018-01-31 15:07:05.000000 UTC
11.41,35.5,8.41,50.47,1,1,2018-01-10 07:04:37.000000 UTC,2018-01-10 07:41:17.000000 UTC
10,35.5,8.41,50.47,1,1,2018-01-11 15:03:55.000000 UTC,2018-01-11 15:48:14.000000 UTC
10.2,35.5,8.41,50.47,1,1,2018-01-26 11:50:15.000000 UTC,2018-01-26 12:26:57.000000 UTC
11.79,35.5,8.41,50.47,2,1,2018-01-31 14:16:11.000000 UTC,2018-01-31 14:50:22.000000 UTC
10.76,35.5,8.41,50.47,1,1,2018-01-22 10:49:28.000000 UTC,2018-01-22 11:25:38.000000 UTC
10.32,35.5,8.41,50.47,3,1,2018-01-18 10:19:38.000000 UTC,2018-01-18 10:52:52.000000 UTC
11.1,35.5,8.41,50.47,5,1,2018-01-24 09:34:18.000000 UTC,2018-01-24 10:11:09.000000 UTC
9.84,35.5,8.41,50.47,1,1,2018-01-23 07:45:30.000000 UTC,2018-01-23 08:22:51.000000 UTC
11.18,35.5,8.41,50.47,2,1,2018-01-03 10:47:31.000000 UTC,2018-01-03 11:23:57.000000 UTC
12.05,35.5,8.41,50.47,2,1,2018-01-17 07:37:49.000000 UTC,2018-01-17 08:15:07.000000 UTC
11.2,35.5,8.41,50.47,1,1,2018-01-29 12:27:05.000000 UTC,2018-01-29 13:01:30.000000 UTC
10.87,35.5,8.41,50.47,2,1,2018-01-08 13:26:35.000000 UTC,2018-01-08 14:00:50.000000 UTC
11.04,35.5,8.41,50.47,6,1,2018-01-08 11:20:47.000000 UTC,2018-01-08 12:03:45.000000 UTC
11.22,35.5,8.41,50.47,1,1,2018-01-07 14:55:16.000000 UTC,2018-01-07 15:26:45.000000 UTC
11.77,35.5,8.41,50.47,1,1,2018-01-07 14:07:18.000000 UTC,2018-01-07 14:40:32.000000 UTC
11.37,35.5,8.41,50.47,2,1,2018-01-07 18:12:19.000000 UTC,2018-01-07 18:43:11.000000 UTC
11,35.5,8.41,50.47,2,1,2018-01-21 08:22:29.000000 UTC,2018-01-21 08:56:53.000000 UTC
11.83,35.5,8.41,50.47,1,1,2018-01-08 07:01:07.000000 UTC,2018-01-08 07:32:20.000000 UTC
10.06,35.5,8.41,50.47,1,1,2018-01-16 07:42:04.000000 UTC,2018-01-16 08:29:19.000000 UTC
11.49,35.5,8.41,50.47,1,1,2018-01-17 12:20:39.000000 UTC,2018-01-17 12:49:49.000000 UTC
10.75,35.5,8.41,50.47,1,1,2018-01-12 10:54:38.000000 UTC,2018-01-12 11:36:48.000000 UTC
9.99,35.5,8.41,50.47,5,1,2018-01-11 13:48:00.000000 UTC,2018-01-11 14:27:47.000000 UTC
9.8,35.5,4.21,46.27,1,1,2018-01-25 12:16:21.000000 UTC,2018-01-25 12:55:41.000000 UTC
9.01,35.5,4.21,46.27,5,1,2018-01-12 13:03:29.000000 UTC,2018-01-12 13:44:11.000000 UTC
10.15,35.5,10.89,47.19,5,1,2018-01-14 12:18:44.000000 UTC,2018-01-14 12:53:15.000000 UTC
11.08,35.5,10.89,47.19,6,1,2018-01-08 11:33:17.000000 UTC,2018-01-08 12:06:47.000000 UTC
12.4,35.5,7.25,43.55,1,1,2018-01-01 06:57:53.000000 UTC,2018-01-01 07:22:02.000000 UTC
11.1,35.5,7.25,43.55,1,1,2018-01-11 19:51:10.000000 UTC,2018-01-11 20:24:17.000000 UTC
9.9,35.5,7.25,43.55,1,1,2018-01-15 18:15:10.000000 UTC,2018-01-15 19:02:59.000000 UTC
8.9,35.5,7.25,43.55,1,1,2018-01-23 10:25:20.000000 UTC,2018-01-23 11:12:19.000000 UTC
10.1,35.5,7.25,43.55,1,1,2018-01-30 11:12:26.000000 UTC,2018-01-30 11:49:17.000000 UTC
10.3,35.5,7.25,43.55,1,1,2018-01-06 16:45:16.000000 UTC,2018-01-06 17:25:12.000000 UTC
9.8,35.5,7.25,43.55,1,1,2018-01-16 13:57:58.000000 UTC,2018-01-16 14:38:26.000000 UTC
11.2,35.5,7.25,43.55,1,1,2018-01-13 15:36:59.000000 UTC,2018-01-13 16:16:25.000000 UTC
11.4,35.5,7.25,43.55,1,1,2018-01-21 12:42:20.000000 UTC,2018-01-21 13:15:12.000000 UTC
9.4,35.5,7.25,43.55,2,1,2018-01-29 11:33:43.000000 UTC,2018-01-29 12:19:08.000000 UTC
10.9,35.5,7.25,43.55,1,1,2018-01-28 08:47:50.000000 UTC,2018-01-28 09:21:37.000000 UTC
10.6,35.5,7.25,43.55,1,1,2018-01-23 08:19:17.000000 UTC,2018-01-23 09:06:21.000000 UTC
12.2,35.5,7.25,43.55,1,1,2018-01-11 10:16:53.000000 UTC,2018-01-11 10:46:39.000000 UTC
10.2,35.5,7.25,43.55,3,1,2018-01-24 10:29:42.000000 UTC,2018-01-24 11:11:24.000000 UTC
6.5,35.5,7.25,43.55,1,1,2018-01-12 08:10:35.000000 UTC,2018-01-12 09:08:43.000000 UTC
10.9,35.5,7.25,43.55,1,1,2018-01-09 14:18:56.000000 UTC,2018-01-09 14:59:07.000000 UTC
11,35.5,7.25,43.55,1,1,2018-01-07 17:52:56.000000 UTC,2018-01-07 18:28:10.000000 UTC
11.2,35.5,7.25,43.55,1,1,2018-01-05 13:46:34.000000 UTC,2018-01-05 14:23:23.000000 UTC
9.7,35.5,7.25,43.55,1,1,2018-01-08 09:50:11.000000 UTC,2018-01-08 10:28:06.000000 UTC
12.4,35.5,8.51,51.07,1,1,2018-01-24 20:27:57.000000 UTC,2018-01-24 20:53:41.000000 UTC
13.03,35.5,8.51,51.07,1,1,2018-01-23 21:45:38.000000 UTC,2018-01-23 22:05:32.000000 UTC
12.89,35.5,8.51,51.07,3,1,2018-01-11 04:22:59.000000 UTC,2018-01-11 04:46:22.000000 UTC
12.14,35.5,8.51,51.07,1,1,2018-01-03 21:13:53.000000 UTC,2018-01-03 21:41:34.000000 UTC
11.78,35.5,8.51,51.07,1,1,2018-01-21 04:08:15.000000 UTC,2018-01-21 04:34:05.000000 UTC
12.31,35.5,8.51,51.07,5,1,2018-01-30 05:56:00.000000 UTC,2018-01-31 05:48:43.000000 UTC
11.65,35.5,8.51,51.07,1,1,2018-01-09 00:22:35.000000 UTC,2018-01-09 00:53:48.000000 UTC
12.26,35.5,8.51,51.07,1,1,2018-01-08 23:14:34.000000 UTC,2018-01-08 23:42:07.000000 UTC
12.03,35.5,8.51,51.07,1,1,2018-01-02 05:05:38.000000 UTC,2018-01-02 05:31:07.000000 UTC
11.62,35.5,8.51,51.07,6,1,2018-01-08 21:50:26.000000 UTC,2018-01-08 22:20:12.000000 UTC
10.9,35.5,10.75,53.81,1,1,2018-01-18 16:59:17.000000 UTC,2018-01-18 17:38:55.000000 UTC
10.5,35.5,10.75,53.81,1,1,2018-01-30 16:13:44.000000 UTC,2018-01-30 16:52:09.000000 UTC
10.9,35.5,10.75,53.81,1,1,2018-01-12 18:03:57.000000 UTC,2018-01-12 18:39:42.000000 UTC
11.5,35.5,7.35,44.15,2,1,2018-01-11 01:03:39.000000 UTC,2018-01-11 01:34:20.000000 UTC
7.1,35.5,7.35,44.15,1,1,2018-01-25 20:21:51.000000 UTC,2018-01-25 21:15:18.000000 UTC
11.4,35.5,7.35,44.15,1,1,2018-01-03 21:34:47.000000 UTC,2018-01-03 22:10:00.000000 UTC
12.5,35.5,7.35,44.15,1,1,2018-01-02 21:24:11.000000 UTC,2018-01-02 21:49:47.000000 UTC
11.7,35.5,7.35,44.15,1,1,2018-01-25 22:05:17.000000 UTC,2018-01-25 22:37:20.000000 UTC
12.3,35.5,7.35,44.15,1,1,2018-01-21 22:03:19.000000 UTC,2018-01-21 22:28:56.000000 UTC
11.9,35.5,7.35,44.15,1,1,2018-01-06 04:26:04.000000 UTC,2018-01-06 04:59:00.000000 UTC
12,35.5,7.35,44.15,1,1,2018-01-01 02:06:48.000000 UTC,2018-01-01 02:35:56.000000 UTC
11.9,35.5,7.35,44.15,1,1,2018-01-23 23:15:41.000000 UTC,2018-01-23 23:45:44.000000 UTC
10.3,35.5,7.35,44.15,1,1,2018-01-29 21:56:07.000000 UTC,2018-01-29 22:33:04.000000 UTC
11,35.5,7.35,44.15,1,1,2018-01-27 00:07:34.000000 UTC,2018-01-27 00:42:47.000000 UTC
11.7,35.5,7.35,44.15,1,1,2018-01-18 21:07:57.000000 UTC,2018-01-18 21:38:06.000000 UTC
11.6,35.5,7.35,44.15,1,1,2018-01-12 22:13:12.000000 UTC,2018-01-12 22:47:11.000000 UTC
12.3,35.5,7.35,44.15,1,1,2018-01-13 04:23:53.000000 UTC,2018-01-13 04:50:23.000000 UTC
9.8,35.5,6.31,48.37,1,1,2018-01-11 15:00:39.000000 UTC,2018-01-11 15:45:23.000000 UTC
9.4,35.5,6.31,48.37,5,1,2018-01-05 11:07:07.000000 UTC,2018-01-05 11:49:08.000000 UTC
9.8,35.5,6.31,48.37,2,1,2018-01-28 10:36:21.000000 UTC,2018-01-28 11:17:51.000000 UTC
12.4,35.5,6.31,48.37,2,1,2018-01-23 14:15:17.000000 UTC,2018-01-23 14:39:23.000000 UTC
10.12,35.5,6.31,48.37,1,1,2018-01-08 08:39:15.000000 UTC,2018-01-08 09:23:53.000000 UTC
8.83,35.5,8.61,51.67,1,1,2018-01-05 17:19:45.000000 UTC,2018-01-05 18:01:59.000000 UTC
12.7,35.5,8.61,51.67,3,1,2018-01-22 17:14:29.000000 UTC,2018-01-22 17:40:59.000000 UTC
10.61,35.5,8.61,51.67,3,1,2018-01-17 16:07:10.000000 UTC,2018-01-17 16:45:29.000000 UTC
10.82,35.5,8.61,51.67,2,1,2018-01-29 16:04:57.000000 UTC,2018-01-29 16:44:48.000000 UTC
8.7,35.5,8.61,51.67,1,1,2018-01-25 16:13:42.000000 UTC,2018-01-25 16:59:59.000000 UTC
10.11,35.5,8.61,51.67,1,1,2018-01-16 16:58:38.000000 UTC,2018-01-16 17:40:06.000000 UTC
9.85,35.5,8.61,51.67,1,1,2018-01-08 17:01:59.000000 UTC,2018-01-08 17:50:31.000000 UTC
9.88,35.5,8.61,51.67,1,1,2018-01-18 16:48:54.000000 UTC,2018-01-18 17:35:48.000000 UTC
10.93,35.5,8.61,51.67,1,1,2018-01-12 19:30:40.000000 UTC,2018-01-12 20:11:11.000000 UTC
11.05,35.5,8.61,51.67,2,1,2018-01-29 17:22:11.000000 UTC,2018-01-29 17:59:19.000000 UTC
11.3,35.5,8.61,51.67,2,1,2018-01-10 18:31:50.000000 UTC,2018-01-10 19:10:06.000000 UTC
11.34,35.5,8.61,51.67,1,1,2018-01-03 18:52:44.000000 UTC,2018-01-03 19:26:24.000000 UTC
11.84,35.5,8.61,51.67,1,1,2018-01-25 18:29:48.000000 UTC,2018-01-25 19:03:20.000000 UTC
10.07,35.5,8.61,51.67,1,1,2018-01-11 16:14:01.000000 UTC,2018-01-11 16:59:55.000000 UTC
11.94,35.5,8.61,51.67,1,1,2018-01-25 19:08:19.000000 UTC,2018-01-25 19:38:32.000000 UTC
11.69,35.5,8.61,51.67,2,1,2018-01-31 19:00:24.000000 UTC,2018-01-31 19:33:26.000000 UTC
11,35.5,8.61,51.67,1,1,2018-01-24 16:48:22.000000 UTC,2018-01-24 17:28:34.000000 UTC
10.23,35.5,8.61,51.67,1,1,2018-01-24 16:50:51.000000 UTC,2018-01-24 17:32:55.000000 UTC
11.06,35.5,8.61,51.67,2,1,2018-01-05 18:39:39.000000 UTC,2018-01-05 19:12:02.000000 UTC
9.9,35.5,8.61,51.67,1,1,2018-01-11 18:04:15.000000 UTC,2018-01-11 18:47:12.000000 UTC
10.63,35.5,11.19,48.49,1,1,2018-01-25 16:13:12.000000 UTC,2018-01-25 16:48:54.000000 UTC
11.88,35.5,8.37,50.21,2,1,2018-01-15 08:34:37.000000 UTC,2018-01-15 09:03:43.000000 UTC
11.25,35.5,8.37,50.21,1,1,2018-01-06 14:11:56.000000 UTC,2018-01-06 14:43:40.000000 UTC
11.76,35.5,12.77,55.33,1,1,2018-01-22 22:59:39.000000 UTC,2018-01-22 23:29:28.000000 UTC
11.4,35.5,7.45,44.75,1,1,2018-01-25 16:00:21.000000 UTC,2018-01-25 16:41:35.000000 UTC
9.2,35.5,7.45,44.75,1,1,2018-01-17 16:27:23.000000 UTC,2018-01-17 17:10:56.000000 UTC
12.2,35.5,7.45,44.75,1,1,2018-01-03 17:10:26.000000 UTC,2018-01-03 17:41:56.000000 UTC
9.9,35.5,7.45,44.75,1,1,2018-01-31 16:00:33.000000 UTC,2018-01-31 16:48:47.000000 UTC
10.6,35.5,7.45,44.75,1,1,2018-01-26 18:55:13.000000 UTC,2018-01-26 19:32:41.000000 UTC
11.3,35.5,7.45,44.75,1,1,2018-01-19 18:51:55.000000 UTC,2018-01-19 19:28:11.000000 UTC
8.2,35.5,7.45,44.75,1,1,2018-01-09 16:33:05.000000 UTC,2018-01-09 17:22:54.000000 UTC
9.8,35.5,7.45,44.75,1,1,2018-01-09 16:21:16.000000 UTC,2018-01-09 17:01:58.000000 UTC
10.6,35.5,4.31,47.37,1,1,2018-01-23 17:16:26.000000 UTC,2018-01-23 17:58:16.000000 UTC
12.3,35.5,1.11,43.17,1,1,2018-01-05 06:13:22.000000 UTC,2018-01-05 06:40:42.000000 UTC
0.13,90,9,112.3,1,1,2018-01-30 17:25:53.000000 UTC,2018-01-30 17:26:28.000000 UTC
17.9,90,19.2,115.26,1,1,2018-01-22 12:50:50.000000 UTC,2018-01-22 13:19:46.000000 UTC
29.1,90,0,90.8,2,2,2018-01-30 12:40:44.000000 UTC,2018-01-30 13:57:31.000000 UTC
20.2,90,0,90.8,1,1,2018-01-13 03:33:32.000000 UTC,2018-01-13 04:10:48.000000 UTC
13.55,90,21.26,127.56,1,1,2018-01-13 21:07:22.000000 UTC,2018-01-13 21:31:27.000000 UTC
19.3,90,0,108.56,1,2,2018-01-31 17:55:49.000000 UTC,2018-01-31 18:43:52.000000 UTC
17.24,90,25,127.8,1,1,2018-01-12 15:49:42.000000 UTC,2018-01-12 17:27:08.000000 UTC
16.25,90,0,101.3,2,1,2018-01-03 13:19:00.000000 UTC,2018-01-03 13:44:02.000000 UTC
17.16,90,18.06,108.36,1,1,2018-01-05 09:49:27.000000 UTC,2018-01-05 10:27:36.000000 UTC
13.7,90,25.7,128.5,1,1,2018-01-07 19:18:34.000000 UTC,2018-01-07 19:54:33.000000 UTC
19.6,90,15,121.56,1,1,2018-01-26 21:01:50.000000 UTC,2018-01-26 21:46:47.000000 UTC
21.66,90,0,106.56,3,2,2018-01-05 09:59:21.000000 UTC,2018-01-05 10:54:55.000000 UTC
22.9,90,23,130.8,3,1,2018-01-24 15:26:22.000000 UTC,2018-01-24 16:46:55.000000 UTC
14.99,90,0,90.3,2,1,2018-01-01 07:16:04.000000 UTC,2018-01-01 07:41:01.000000 UTC
24.65,90,0,90.3,1,1,2018-01-24 22:41:34.000000 UTC,2018-01-24 23:19:33.000000 UTC
1.5,90,0,90.3,2,1,2018-01-11 04:24:21.000000 UTC,2018-01-11 04:29:41.000000 UTC
1.6,90,0,90.3,1,1,2018-01-12 14:46:49.000000 UTC,2018-01-12 15:01:00.000000 UTC
19.3,90,0,90.3,4,2,2018-01-23 11:50:17.000000 UTC,2018-01-23 12:26:04.000000 UTC
16.37,90,0,90.3,2,2,2018-01-07 12:36:23.000000 UTC,2018-01-07 13:00:57.000000 UTC
18.5,90,18.16,108.96,1,1,2018-01-08 19:02:15.000000 UTC,2018-01-08 19:41:25.000000 UTC
37.56,90,0,96.56,4,1,2018-01-26 20:25:13.000000 UTC,2018-01-26 21:26:50.000000 UTC
29.3,90,0,96.56,1,2,2018-01-05 13:12:51.000000 UTC,2018-01-05 14:40:24.000000 UTC
24.9,90,0,96.56,2,2,2018-01-08 07:32:54.000000 UTC,2018-01-08 08:44:21.000000 UTC
16,90,15.05,120,2,1,2018-01-04 16:27:10.000000 UTC,2018-01-04 16:57:11.000000 UTC
13.6,90,15,120.8,1,1,2018-01-17 22:45:21.000000 UTC,2018-01-17 23:09:19.000000 UTC
31,90,0,101.8,1,3,2018-01-05 21:10:39.000000 UTC,2018-01-05 22:27:47.000000 UTC
14.9,90,9.7,100,1,1,2018-01-15 12:59:06.000000 UTC,2018-01-15 13:32:03.000000 UTC
23.6,90,12,103.3,1,1,2018-01-13 23:01:49.000000 UTC,2018-01-13 23:37:54.000000 UTC
14.2,90,20,128.56,1,1,2018-01-07 18:49:11.000000 UTC,2018-01-07 19:30:22.000000 UTC
3.9,90,0,100.8,2,2,2018-01-28 21:18:35.000000 UTC,2018-01-28 21:29:06.000000 UTC
19.17,90,11.11,112.41,1,1,2018-01-21 00:59:56.000000 UTC,2018-01-21 01:33:50.000000 UTC
14.78,90,21.81,130.87,1,1,2018-01-29 18:42:12.000000 UTC,2018-01-29 19:10:15.000000 UTC
22.6,90,18.05,108.35,1,1,2018-01-06 21:26:30.000000 UTC,2018-01-06 22:01:36.000000 UTC
87.1,90,1.11,91.41,2,1,2018-01-27 16:37:29.000000 UTC,2018-01-27 16:39:15.000000 UTC
27.4,90,21.05,126.35,1,1,2018-01-02 15:02:51.000000 UTC,2018-01-02 15:42:54.000000 UTC
1.32,16.5,3.66,21.96,5,1,2018-01-11 17:38:00.000000 UTC,2018-01-11 18:06:32.000000 UTC
2.86,16.5,3.66,21.96,1,1,2018-01-11 18:58:35.000000 UTC,2018-01-11 19:23:43.000000 UTC
2.24,16.5,3.66,21.96,6,1,2018-01-12 16:46:44.000000 UTC,2018-01-12 17:12:57.000000 UTC
3.77,16.5,3.66,21.96,1,1,2018-01-12 19:21:50.000000 UTC,2018-01-12 19:44:30.000000 UTC
2.76,16.5,3.66,21.96,2,1,2018-01-03 17:22:33.000000 UTC,2018-01-03 17:46:09.000000 UTC
4.42,16.5,3.66,21.96,1,1,2018-01-29 19:38:46.000000 UTC,2018-01-29 19:58:10.000000 UTC
3.39,16.5,3.66,21.96,2,1,2018-01-23 18:19:05.000000 UTC,2018-01-23 18:41:56.000000 UTC
1.97,16.5,3.66,21.96,1,1,2018-01-31 17:07:59.000000 UTC,2018-01-31 17:34:15.000000 UTC
3.1,16.5,3.66,21.96,1,1,2018-01-10 18:37:07.000000 UTC,2018-01-10 19:01:16.000000 UTC
4.59,16.5,3.66,21.96,3,1,2018-01-25 17:13:42.000000 UTC,2018-01-25 17:27:34.000000 UTC
2.9,16.5,3.66,21.96,6,1,2018-01-18 18:16:49.000000 UTC,2018-01-18 18:42:18.000000 UTC
4.65,16.5,3.66,21.96,1,1,2018-01-29 17:12:12.000000 UTC,2018-01-29 17:31:32.000000 UTC
3.38,16.5,3.66,21.96,1,1,2018-01-16 16:42:58.000000 UTC,2018-01-16 17:07:09.000000 UTC
3.35,16.5,3.66,21.96,1,1,2018-01-23 17:12:24.000000 UTC,2018-01-23 17:33:47.000000 UTC
4.32,16.5,3.66,21.96,1,1,2018-01-25 19:06:30.000000 UTC,2018-01-25 19:27:48.000000 UTC
2.83,16.5,3.66,21.96,1,1,2018-01-17 18:40:11.000000 UTC,2018-01-17 19:05:53.000000 UTC
4.64,16.5,3.66,21.96,1,1,2018-01-02 18:17:05.000000 UTC,2018-01-02 18:34:42.000000 UTC
3.48,16.5,3.66,21.96,2,1,2018-01-11 18:30:53.000000 UTC,2018-01-11 18:53:39.000000 UTC
2.58,16.5,3.66,21.96,2,1,2018-01-11 18:22:19.000000 UTC,2018-01-11 18:47:21.000000 UTC
2.97,16.5,3.66,21.96,1,1,2018-01-05 18:17:03.000000 UTC,2018-01-05 18:42:37.000000 UTC
4.7,16.5,3.66,21.96,1,1,2018-01-29 19:28:40.000000 UTC,2018-01-29 19:46:35.000000 UTC