ID,InvoiceNumber,InvoiceDate,contractID,AmountExclGST,GST,AmountInclGST,OutstandingAmount,PaymentStatus,DueDate,InvoiceType,Currency,createddate,Comments
1,INV-2026-10001,2026-04-08 01:52:18,121,3218.4,321.84,3540.24,0.0,Paid,2026-04-21,Maintenance,AUD,2026-07-29 20:26:20,Quarterly adjustment
2,INV-2026-10002,2026-07-11 12:06:36,196,3086.05,308.61,3394.66,0.0,Paid,2026-08-27,Fuel,AUD,2026-12-02 02:31:54,
3,INV-2026-10003,2026-07-09 18:23:29,15,2520.37,252.04,2772.41,0.0,Paid,2026-08-16,Maintenance,AUD,2026-09-08 08:19:55,Monthly invoice
4,INV-2026-10004,2026-07-26 17:23:09,75,3165.77,316.58,3482.35,0.0,Paid,2026-12-23,Fuel,AUD,2026-01-27 15:53:11,Fuel reimbursement
5,INV-2026-10005,2026-07-11 18:49:22,92,1182.96,118.3,1301.26,0.0,Paid,2026-02-26,Maintenance,AUD,2026-09-01 20:45:09,Fuel reimbursement
6,INV-2026-10006,2026-09-15 22:51:45,55,2539.48,253.95,2793.43,0.0,Paid,2026-05-19,Lease,AUD,2026-06-19 20:05:43,Monthly invoice
7,INV-2026-10007,2026-06-17 15:11:04,14,3384.1,338.41,3722.51,0.0,Paid,2026-10-02,Fuel,AUD,2026-09-29 14:48:39,Quarterly adjustment
8,INV-2026-10008,2026-01-24 07:19:46,55,1924.22,192.42,2116.64,0.0,Paid,2026-07-23,Lease,AUD,2026-03-11 17:36:01,Monthly invoice
9,INV-2026-10009,2026-03-03 05:02:42,200,2346.94,234.69,2581.63,2459.66,Partially Paid,2026-04-06,Fuel,AUD,2026-01-15 00:57:09,Quarterly adjustment
10,INV-2026-10010,2026-03-13 12:02:18,83,1804.09,180.41,1984.5,0.0,Paid,2026-01-19,Lease,AUD,2026-06-16 15:38:08,Quarterly adjustment
11,INV-2026-10011,2026-04-16 21:19:24,157,3041.95,304.19,3346.14,0.0,Paid,2026-12-03,Lease,AUD,2026-10-27 10:09:51,Monthly invoice
12,INV-2026-10012,2026-02-04 09:57:54,90,307.6,30.76,338.36,0.0,Paid,2026-03-01,Maintenance,AUD,2026-12-09 13:18:40,Maintenance charge
13,INV-2026-10013,2026-01-22 02:22:24,14,2914.26,291.43,3205.69,0.0,Paid,2026-03-30,Lease,AUD,2026-09-02 09:31:33,Quarterly adjustment
14,INV-2026-10014,2026-11-23 09:58:56,49,308.21,30.82,339.03,0.0,Paid,2026-03-23,Maintenance,AUD,2026-10-22 10:31:49,Monthly invoice
15,INV-2026-10015,2026-06-05 15:44:31,120,3119.67,311.97,3431.64,0.0,Paid,2026-10-30,Maintenance,AUD,2026-12-14 06:03:51,Maintenance charge
16,INV-2026-10016,2026-02-21 12:36:07,108,1823.24,182.32,2005.56,0.0,Paid,2026-07-08,Maintenance,AUD,2026-04-02 01:42:21,Monthly invoice
17,INV-2026-10017,2026-07-14 20:59:46,52,2196.44,219.64,2416.08,0.0,Paid,2026-05-28,Fuel,AUD,2026-05-17 19:04:02,Quarterly adjustment
18,INV-2026-10018,2026-10-20 17:39:40,198,1400.33,140.03,1540.36,0.0,Paid,2026-11-17,Fuel,AUD,2026-10-16 21:17:27,Monthly invoice
19,INV-2026-10019,2026-05-25 13:20:01,82,1765.89,176.59,1942.48,0.0,Paid,2026-10-07,Fuel,AUD,2026-11-13 17:45:29,Monthly invoice
20,INV-2026-10020,2026-03-13 13:16:55,107,2051.85,205.19,2257.04,0.0,Paid,2026-06-07,Maintenance,AUD,2026-10-08 04:06:47,Maintenance charge
21,INV-2026-10021,2026-04-30 19:26:41,196,2629.02,262.9,2891.92,0.0,Paid,2026-10-27,Fuel,AUD,2026-12-22 08:26:53,Maintenance charge
22,INV-2026-10022,2026-05-11 12:21:17,169,3141.92,314.19,3456.11,0.0,Paid,2026-05-27,Lease,AUD,2026-04-18 05:13:23,Fuel reimbursement
23,INV-2026-10023,2026-12-26 16:20:43,55,1022.48,102.25,1124.73,0.0,Paid,2026-10-02,Maintenance,AUD,2026-05-13 13:29:58,Maintenance charge
24,INV-2026-10024,2026-03-13 15:31:57,115,2603.36,260.34,2863.7,0.0,Paid,2026-12-26,Fuel,AUD,2026-01-25 01:59:25,Monthly invoice
25,INV-2026-10025,2026-06-04 12:45:20,133,1722.21,172.22,1894.43,0.0,Paid,2026-02-22,Fuel,AUD,2026-03-13 12:32:05,Fuel reimbursement
26,INV-2026-10026,2026-11-30 05:38:43,27,2313.9,231.39,2545.29,0.0,Paid,2026-10-18,Lease,AUD,2026-12-20 11:18:43,Monthly invoice
27,INV-2026-10027,2026-07-20 06:13:21,50,1419.42,141.94,1561.36,0.0,Paid,2026-08-25,Maintenance,AUD,2026-05-28 03:47:47,Maintenance charge
28,INV-2026-10028,2026-02-03 07:11:36,75,1254.41,125.44,1379.85,0.0,Paid,2026-11-25,Fuel,AUD,2026-02-24 11:59:53,Maintenance charge
29,INV-2026-10029,2026-09-19 05:25:04,13,1133.83,113.38,1247.21,0.0,Paid,2026-02-07,Lease,AUD,2026-03-28 16:35:44,Maintenance charge
30,INV-2026-10030,2026-02-19 22:27:56,98,2876.81,287.68,3164.49,2451.6,Partially Paid,2026-12-19,Fuel,AUD,2026-06-16 04:23:48,Monthly invoice
31,INV-2026-10031,2026-03-17 09:07:59,45,1192.06,119.21,1311.27,912.95,Overdue,2026-09-16,Maintenance,AUD,2026-04-16 13:42:18,Fuel reimbursement
32,INV-2026-10032,2026-08-31 11:30:55,120,1407.33,140.73,1548.06,0.0,Paid,2026-04-14,Maintenance,AUD,2026-01-27 18:11:12,Monthly invoice
33,INV-2026-10033,2026-03-20 00:30:17,172,2789.14,278.91,3068.05,0.0,Paid,2026-11-08,Fuel,AUD,2026-06-13 12:33:24,Quarterly adjustment
34,INV-2026-10034,2026-10-29 07:47:31,36,1353.85,135.38,1489.23,0.0,Paid,2026-03-08,Maintenance,AUD,2026-05-12 23:41:05,Fuel reimbursement
35,INV-2026-10035,2026-06-24 15:31:59,136,867.5,86.75,954.25,0.0,Paid,2026-04-09,Maintenance,AUD,2026-07-30 23:12:31,Fuel reimbursement
36,INV-2026-10036,2026-12-09 20:35:38,185,1076.93,107.69,1184.62,0.0,Paid,2026-07-26,Lease,AUD,2026-01-21 11:27:41,Fuel reimbursement
37,INV-2026-10037,2026-11-12 06:48:01,117,2446.92,244.69,2691.61,0.0,Paid,2026-01-18,Lease,AUD,2026-09-07 18:23:11,Monthly invoice
38,INV-2026-10038,2026-03-28 18:20:31,184,469.11,46.91,516.02,0.0,Paid,2026-06-26,Lease,AUD,2026-02-06 20:59:30,Quarterly adjustment
39,INV-2026-10039,2026-01-06 21:22:34,155,1991.33,199.13,2190.46,0.0,Paid,2026-07-20,Lease,AUD,2026-03-08 14:16:17,Monthly invoice
40,INV-2026-10040,2026-08-26 21:10:05,51,1530.62,153.06,1683.68,0.0,Paid,2026-07-12,Lease,AUD,2026-11-24 07:29:20,Monthly invoice
41,INV-2026-10041,2026-05-24 15:21:47,62,3156.3,315.63,3471.93,0.0,Paid,2026-10-01,Maintenance,AUD,2026-02-06 07:54:40,Maintenance charge
42,INV-2026-10042,2026-08-26 18:36:27,10,2944.29,294.43,3238.72,0.0,Paid,2026-01-24,Maintenance,AUD,2026-01-07 20:57:36,Fuel reimbursement
43,INV-2026-10043,2026-07-07 04:47:23,69,2079.34,207.93,2287.27,0.0,Paid,2026-01-14,Fuel,AUD,2026-09-25 23:40:04,Fuel reimbursement
44,INV-2026-10044,2026-05-03 17:45:12,94,2481.57,248.16,2729.73,0.0,Paid,2026-04-04,Fuel,AUD,2026-04-12 02:20:50,Fuel reimbursement
45,INV-2026-10045,2026-03-09 16:01:34,114,2992.87,299.29,3292.16,2352.35,Partially Paid,2026-07-05,Maintenance,AUD,2026-09-10 18:07:29,Maintenance charge
46,INV-2026-10046,2026-03-06 00:10:14,108,2310.78,231.08,2541.86,0.0,Paid,2026-09-03,Fuel,AUD,2026-08-17 19:21:17,Fuel reimbursement
47,INV-2026-10047,2026-07-04 08:01:15,137,2548.9,254.89,2803.79,0.0,Paid,2026-05-21,Fuel,AUD,2026-05-25 18:12:57,Fuel reimbursement
48,INV-2026-10048,2026-07-31 16:53:22,82,3124.07,312.41,3436.48,0.0,Paid,2026-07-22,Fuel,AUD,2026-12-04 05:12:10,Maintenance charge
49,INV-2026-10049,2026-03-03 17:07:39,153,2688.02,268.8,2956.82,0.0,Paid,2026-08-30,Lease,AUD,2026-10-13 17:37:06,Quarterly adjustment
50,INV-2026-10050,2026-11-13 01:06:05,25,3280.93,328.09,3609.02,0.0,Paid,2026-10-30,Maintenance,AUD,2026-11-05 11:12:51,Maintenance charge
51,INV-2026-10051,2026-02-01 17:55:21,77,2554.71,255.47,2810.18,0.0,Paid,2026-05-06,Maintenance,AUD,2026-02-10 01:23:15,Fuel reimbursement
52,INV-2026-10052,2026-10-24 12:04:52,138,2255.15,225.52,2480.67,0.0,Paid,2026-04-19,Fuel,AUD,2026-01-02 18:13:47,Maintenance charge
53,INV-2026-10053,2026-05-18 13:28:33,38,1091.76,109.18,1200.94,924.4,Overdue,2026-10-13,Lease,AUD,2026-12-05 04:14:08,Monthly invoice
54,INV-2026-10054,2026-09-14 21:07:27,23,2656.48,265.65,2922.13,0.0,Paid,2026-07-25,Maintenance,AUD,2026-04-16 20:31:34,Quarterly adjustment
55,INV-2026-10055,2026-04-09 07:17:01,122,2375.37,237.54,2612.91,0.0,Paid,2026-02-02,Maintenance,AUD,2026-05-19 20:46:55,Monthly invoice
56,INV-2026-10056,2026-05-07 00:49:48,126,3087.71,308.77,3396.48,0.0,Paid,2026-09-02,Lease,AUD,2026-08-15 18:45:56,Maintenance charge
57,INV-2026-10057,2026-12-26 00:21:28,62,2192.93,219.29,2412.22,0.0,Paid,2026-05-08,Lease,AUD,2026-09-06 06:11:24,Fuel reimbursement
58,INV-2026-10058,2026-10-14 18:19:57,59,2184.73,218.47,2403.2,0.0,Paid,2026-04-13,Maintenance,AUD,2026-03-10 13:18:16,Monthly invoice
59,INV-2026-10059,2026-04-17 10:33:50,154,1460.6,146.06,1606.66,0.0,Paid,2026-09-28,Fuel,AUD,2026-03-29 18:15:14,Fuel reimbursement
60,INV-2026-10060,2026-02-08 04:53:05,77,528.31,52.83,581.14,0.0,Paid,2026-02-26,Lease,AUD,2026-08-15 15:44:22,Maintenance charge
61,INV-2026-10061,2026-04-06 22:23:53,121,506.55,50.66,557.21,414.77,Overdue,2026-01-29,Lease,AUD,2026-03-15 21:49:23,Fuel reimbursement
62,INV-2026-10062,2026-10-23 10:33:17,118,1378.6,137.86,1516.46,346.72,Overdue,2026-12-10,Maintenance,AUD,2026-10-18 07:44:49,Maintenance charge
63,INV-2026-10063,2026-10-28 06:39:37,198,3450.73,345.07,3795.8,0.0,Paid,2026-10-07,Fuel,AUD,2026-06-19 07:36:52,Maintenance charge
64,INV-2026-10064,2026-04-24 03:15:53,57,491.38,49.14,540.52,0.0,Paid,2026-02-18,Maintenance,AUD,2026-06-20 21:25:50,Maintenance charge
65,INV-2026-10065,2026-01-03 07:14:17,118,1937.63,193.76,2131.39,0.0,Paid,2026-07-26,Maintenance,AUD,2026-07-19 14:30:13,Fuel reimbursement
66,INV-2026-10066,2026-02-12 16:14:33,86,1836.07,183.61,2019.68,0.0,Paid,2026-05-27,Lease,AUD,2026-08-19 00:40:50,Fuel reimbursement
67,INV-2026-10067,2026-04-30 23:17:44,63,370.36,37.04,407.4,296.77,Partially Paid,2026-07-26,Lease,AUD,2026-02-26 19:47:37,Monthly invoice
68,INV-2026-10068,2026-03-20 22:57:05,188,2556.99,255.7,2812.69,0.0,Paid,2026-06-29,Maintenance,AUD,2026-02-03 09:56:54,Maintenance charge
69,INV-2026-10069,2026-05-24 16:18:07,113,1291.49,129.15,1420.64,211.96,Partially Paid,2026-01-30,Lease,AUD,2026-04-01 15:06:24,Monthly invoice
70,INV-2026-10070,2026-10-19 01:34:48,2,2645.25,264.53,2909.78,0.0,Paid,2026-04-15,Lease,AUD,2026-03-16 16:02:46,Fuel reimbursement
71,INV-2026-10071,2026-11-21 09:17:16,24,482.84,48.28,531.12,0.0,Paid,2026-02-11,Lease,AUD,2026-09-17 21:45:51,Fuel reimbursement
72,INV-2026-10072,2026-08-26 22:10:57,112,2718.06,271.81,2989.87,0.0,Paid,2026-12-26,Lease,AUD,2026-11-03 07:32:19,Monthly invoice
73,INV-2026-10073,2026-08-26 08:53:20,59,1211.67,121.17,1332.84,0.0,Paid,2026-04-21,Lease,AUD,2026-02-24 11:03:48,Monthly invoice
74,INV-2026-10074,2026-06-14 19:18:52,39,1624.32,162.43,1786.75,0.0,Paid,2026-06-18,Fuel,AUD,2026-05-25 10:16:43,Maintenance charge
75,INV-2026-10075,2026-10-27 13:35:54,127,2180.92,218.09,2399.01,0.0,Paid,2026-03-13,Fuel,AUD,2026-10-23 04:07:05,Fuel reimbursement
76,INV-2026-10076,2026-05-10 13:50:30,15,1505.52,150.55,1656.07,0.0,Paid,2026-06-01,Fuel,AUD,2026-09-18 12:01:23,Fuel reimbursement
77,INV-2026-10077,2026-07-17 22:15:06,42,3494.7,349.47,3844.17,0.0,Paid,2026-04-06,Lease,AUD,2026-11-30 15:35:53,Maintenance charge
78,INV-2026-10078,2026-04-07 11:50:21,44,3082.37,308.24,3390.61,0.0,Paid,2026-07-05,Fuel,AUD,2026-08-18 10:53:57,Quarterly adjustment
79,INV-2026-10079,2026-04-19 03:29:04,58,1818.22,181.82,2000.04,0.0,Paid,2026-12-17,Fuel,AUD,2026-12-05 05:53:00,Fuel reimbursement
80,INV-2026-10080,2026-09-07 01:41:49,27,1787.73,178.77,1966.5,0.0,Paid,2026-04-14,Maintenance,AUD,2026-11-23 00:51:30,Monthly invoice
81,INV-2026-10081,2026-07-24 06:44:31,153,2402.4,240.24,2642.64,0.0,Paid,2026-04-02,Lease,AUD,2026-08-14 04:23:04,Quarterly adjustment
82,INV-2026-10082,2026-06-13 19:08:28,20,3289.26,328.93,3618.19,0.0,Paid,2026-10-10,Maintenance,AUD,2026-07-06 18:40:02,Monthly invoice
83,INV-2026-10083,2026-06-24 21:36:23,185,2095.75,209.58,2305.33,0.0,Paid,2026-09-04,Fuel,AUD,2026-12-16 17:41:16,Quarterly adjustment
84,INV-2026-10084,2026-01-20 07:46:30,184,2415.81,241.58,2657.39,0.0,Paid,2026-05-08,Fuel,AUD,2026-04-06 06:04:41,Fuel reimbursement
85,INV-2026-10085,2026-09-03 00:42:15,71,2536.77,253.68,2790.45,0.0,Paid,2026-05-26,Lease,AUD,2026-07-12 23:59:14,Monthly invoice
86,INV-2026-10086,2026-08-27 12:23:34,178,2127.55,212.76,2340.31,0.0,Paid,2026-02-25,Lease,AUD,2026-04-09 18:03:01,Monthly invoice
87,INV-2026-10087,2026-11-30 14:18:32,136,608.47,60.85,669.32,0.0,Paid,2026-08-02,Maintenance,AUD,2026-11-06 02:23:40,Fuel reimbursement
88,INV-2026-10088,2026-11-24 13:47:41,59,786.99,78.7,865.69,0.0,Paid,2026-09-06,Maintenance,AUD,2026-07-04 05:36:46,Monthly invoice
89,INV-2026-10089,2026-12-04 04:18:01,175,2130.78,213.08,2343.86,2120.41,Partially Paid,2026-11-23,Maintenance,AUD,2026-06-15 10:26:54,Maintenance charge
90,INV-2026-10090,2026-01-30 07:36:08,169,1374.89,137.49,1512.38,0.0,Paid,2026-04-27,Lease,AUD,2026-08-06 20:37:41,Fuel reimbursement
91,INV-2026-10091,2026-06-12 01:57:32,175,1586.37,158.64,1745.01,0.0,Paid,2026-10-22,Lease,AUD,2026-04-06 12:23:50,Fuel reimbursement
92,INV-2026-10092,2026-02-10 05:07:42,3,2313.6,231.36,2544.96,0.0,Paid,2026-05-05,Maintenance,AUD,2026-01-27 06:40:38,Monthly invoice
93,INV-2026-10093,2026-08-24 19:04:39,4,2769.52,276.95,3046.47,0.0,Paid,2026-10-12,Lease,AUD,2026-08-30 23:44:01,Monthly invoice
94,INV-2026-10094,2026-06-04 16:28:07,189,2332.67,233.27,2565.94,0.0,Paid,2026-03-04,Fuel,AUD,2026-04-15 10:56:20,Quarterly adjustment
95,INV-2026-10095,2026-05-05 23:19:04,184,3274.31,327.43,3601.74,0.0,Paid,2026-07-29,Fuel,AUD,2026-11-04 18:46:44,Monthly invoice
96,INV-2026-10096,2026-02-24 00:53:21,96,2878.51,287.85,3166.36,0.0,Paid,2026-11-19,Lease,AUD,2026-12-03 14:54:30,Maintenance charge
97,INV-2026-10097,2026-11-18 15:22:43,75,2826.98,282.7,3109.68,0.0,Paid,2026-02-20,Lease,AUD,2026-11-22 05:32:45,Maintenance charge
98,INV-2026-10098,2026-11-06 22:11:09,53,1403.41,140.34,1543.75,0.0,Paid,2026-10-02,Maintenance,AUD,2026-07-20 17:53:58,Maintenance charge
99,INV-2026-10099,2026-12-26 12:22:24,9,2617.42,261.74,2879.16,0.0,Paid,2026-10-09,Maintenance,AUD,2026-10-27 00:50:04,Fuel reimbursement
100,INV-2026-10100,2026-01-17 23:10:16,110,3311.51,331.15,3642.66,0.0,Paid,2026-02-15,Maintenance,AUD,2026-07-10 00:34:17,Monthly invoice
101,INV-2026-10101,2026-10-07 20:45:30,166,968.49,96.85,1065.34,0.0,Paid,2026-08-04,Lease,AUD,2026-02-06 21:15:25,Fuel reimbursement
102,INV-2026-10102,2026-03-12 17:51:21,152,1694.22,169.42,1863.64,0.0,Paid,2026-04-09,Fuel,AUD,2026-09-05 13:39:22,Fuel reimbursement
103,INV-2026-10103,2026-04-11 17:36:34,60,2400.67,240.07,2640.74,0.0,Paid,2026-10-24,Lease,AUD,2026-12-03 06:10:22,Maintenance charge
104,INV-2026-10104,2026-03-21 14:24:18,122,556.61,55.66,612.27,0.0,Paid,2026-12-09,Lease,AUD,2026-01-11 16:38:20,Fuel reimbursement
105,INV-2026-10105,2026-03-14 07:21:34,144,1956.45,195.65,2152.1,0.0,Paid,2026-01-18,Maintenance,AUD,2026-02-22 05:50:45,Quarterly adjustment
106,INV-2026-10106,2026-01-10 00:11:00,132,1844.6,184.46,2029.06,0.0,Paid,2026-12-08,Maintenance,AUD,2026-10-01 02:06:32,Quarterly adjustment
107,INV-2026-10107,2026-05-08 13:09:11,61,914.04,91.4,1005.44,0.0,Paid,2026-04-06,Maintenance,AUD,2026-12-13 12:14:32,Monthly invoice
108,INV-2026-10108,2026-09-10 04:10:38,75,3105.49,310.55,3416.04,0.0,Paid,2026-01-20,Lease,AUD,2026-03-25 21:23:39,Maintenance charge
109,INV-2026-10109,2026-02-13 20:45:38,156,2517.79,251.78,2769.57,0.0,Paid,2026-04-24,Lease,AUD,2026-10-21 22:59:13,Quarterly adjustment
110,INV-2026-10110,2026-03-29 07:37:48,115,1112.89,111.29,1224.18,0.0,Paid,2026-06-13,Fuel,AUD,2026-03-24 18:25:04,Monthly invoice
111,INV-2026-10111,2026-10-29 21:04:35,149,351.45,35.15,386.6,0.0,Paid,2026-05-30,Lease,AUD,2026-11-07 08:06:56,Monthly invoice
112,INV-2026-10112,2026-11-28 20:35:58,132,1070.79,107.08,1177.87,0.0,Paid,2026-10-04,Lease,AUD,2026-12-17 02:47:33,Maintenance charge
113,INV-2026-10113,2026-04-05 22:50:15,149,2697.89,269.79,2967.68,0.0,Paid,2026-03-02,Lease,AUD,2026-07-15 11:30:43,Quarterly adjustment
114,INV-2026-10114,2026-10-03 10:08:02,76,2824.65,282.47,3107.12,0.0,Paid,2026-05-15,Lease,AUD,2026-02-16 16:14:09,Fuel reimbursement
115,INV-2026-10115,2026-04-22 18:50:17,82,1726.79,172.68,1899.47,0.0,Paid,2026-11-04,Lease,AUD,2026-02-20 20:36:29,Monthly invoice
116,INV-2026-10116,2026-10-30 07:50:52,73,2831.63,283.16,3114.79,0.0,Paid,2026-12-28,Fuel,AUD,2026-10-15 01:33:01,Quarterly adjustment
117,INV-2026-10117,2026-10-07 19:49:53,37,1646.82,164.68,1811.5,830.06,Overdue,2026-07-06,Lease,AUD,2026-06-29 23:45:41,Monthly invoice
118,INV-2026-10118,2026-02-18 03:41:20,104,1711.45,171.15,1882.6,0.0,Paid,2026-01-23,Maintenance,AUD,2026-10-08 04:11:27,Fuel reimbursement
119,INV-2026-10119,2026-02-28 00:51:53,184,471.84,47.18,519.02,0.0,Paid,2026-08-18,Maintenance,AUD,2026-07-03 19:29:30,Quarterly adjustment
120,INV-2026-10120,2026-09-12 02:12:53,105,2082.75,208.28,2291.03,0.0,Paid,2026-03-23,Lease,AUD,2026-03-28 17:42:47,Fuel reimbursement
121,INV-2026-10121,2026-07-17 23:37:13,200,3487.02,348.7,3835.72,0.0,Paid,2026-04-26,Maintenance,AUD,2026-08-11 02:15:23,Quarterly adjustment
122,INV-2026-10122,2026-02-01 13:15:04,20,309.65,30.96,340.61,112.04,Partially Paid,2026-06-23,Maintenance,AUD,2026-12-31 02:47:34,Quarterly adjustment
123,INV-2026-10123,2026-08-28 05:20:41,127,1883.89,188.39,2072.28,0.0,Paid,2026-03-17,Maintenance,AUD,2026-06-12 13:16:39,Monthly invoice
124,INV-2026-10124,2026-11-30 14:24:36,187,406.5,40.65,447.15,442.34,Overdue,2026-02-23,Lease,AUD,2026-10-14 12:07:24,Quarterly adjustment
125,INV-2026-10125,2026-03-16 06:39:31,143,1501.19,150.12,1651.31,0.0,Paid,2026-03-01,Fuel,AUD,2026-06-07 00:50:13,Fuel reimbursement
126,INV-2026-10126,2026-08-19 16:59:54,4,2728.55,272.86,3001.41,0.0,Paid,2026-02-08,Maintenance,AUD,2026-07-15 04:24:54,Quarterly adjustment
127,INV-2026-10127,2026-02-27 01:58:36,102,1479.77,147.98,1627.75,0.0,Paid,2026-05-13,Lease,AUD,2026-09-27 02:10:34,Quarterly adjustment
128,INV-2026-10128,2026-05-02 07:05:03,84,1264.44,126.44,1390.88,0.0,Paid,2026-11-04,Maintenance,AUD,2026-08-01 12:58:45,Maintenance charge
129,INV-2026-10129,2026-01-20 06:12:13,167,265.3,26.53,291.83,187.85,Partially Paid,2026-10-03,Fuel,AUD,2026-07-23 14:34:31,Fuel reimbursement
130,INV-2026-10130,2026-07-21 16:59:57,20,521.73,52.17,573.9,0.0,Paid,2026-02-26,Fuel,AUD,2026-12-21 03:27:25,Fuel reimbursement
131,INV-2026-10131,2026-10-18 05:08:13,58,410.79,41.08,451.87,0.0,Paid,2026-08-14,Fuel,AUD,2026-06-20 07:04:05,Monthly invoice
132,INV-2026-10132,2026-07-12 07:41:05,55,2437.39,243.74,2681.13,0.0,Paid,2026-01-25,Lease,AUD,2026-06-05 20:53:35,Monthly invoice
133,INV-2026-10133,2026-10-22 07:06:37,173,2270.24,227.02,2497.26,0.0,Paid,2026-11-21,Fuel,AUD,2026-05-17 20:38:35,Monthly invoice
134,INV-2026-10134,2026-09-20 19:47:07,106,1966.55,196.66,2163.21,0.0,Paid,2026-04-18,Fuel,AUD,2026-02-17 11:50:36,Fuel reimbursement
135,INV-2026-10135,2026-03-13 18:02:01,39,3144.08,314.41,3458.49,0.0,Paid,2026-07-03,Fuel,AUD,2026-10-31 14:09:29,Monthly invoice
136,INV-2026-10136,2026-12-04 07:15:17,99,378.36,37.84,416.2,0.0,Paid,2026-07-09,Fuel,AUD,2026-12-28 07:09:49,Fuel reimbursement
137,INV-2026-10137,2026-06-06 08:08:48,43,2703.5,270.35,2973.85,0.0,Paid,2026-07-20,Lease,AUD,2026-11-21 07:01:14,Quarterly adjustment
138,INV-2026-10138,2026-03-19 18:33:32,14,330.7,33.07,363.77,360.04,Overdue,2026-07-05,Fuel,AUD,2026-06-09 08:00:59,Fuel reimbursement
139,INV-2026-10139,2026-07-26 20:28:19,79,1120.2,112.02,1232.22,0.0,Paid,2026-01-02,Maintenance,AUD,2026-04-02 03:49:30,Quarterly adjustment
140,INV-2026-10140,2026-08-10 14:10:38,115,2698.42,269.84,2968.26,0.0,Paid,2026-08-06,Lease,AUD,2026-01-13 13:21:13,Quarterly adjustment
141,INV-2026-10141,2026-06-05 01:35:45,168,2945.53,294.55,3240.08,0.0,Paid,2026-05-01,Lease,AUD,2026-01-06 08:58:09,Quarterly adjustment
142,INV-2026-10142,2026-08-20 04:40:55,190,3311.45,331.14,3642.59,0.0,Paid,2026-05-25,Fuel,AUD,2026-02-15 19:40:17,Maintenance charge
143,INV-2026-10143,2026-09-01 07:30:01,133,3246.8,324.68,3571.48,0.0,Paid,2026-12-18,Lease,AUD,2026-01-18 21:35:24,Fuel reimbursement
144,INV-2026-10144,2026-01-19 09:54:30,131,2570.76,257.08,2827.84,0.0,Paid,2026-09-24,Fuel,AUD,2026-01-13 01:05:19,Fuel reimbursement
145,INV-2026-10145,2026-12-28 02:05:06,200,476.67,47.67,524.34,0.0,Paid,2026-12-08,Fuel,AUD,2026-05-13 03:48:08,Monthly invoice
146,INV-2026-10146,2026-12-09 07:54:06,71,656.98,65.7,722.68,0.0,Paid,2026-09-16,Fuel,AUD,2026-01-07 00:14:06,Fuel reimbursement
147,INV-2026-10147,2026-09-20 14:25:35,20,1746.04,174.6,1920.64,0.0,Paid,2026-12-09,Lease,AUD,2026-09-22 03:59:30,Quarterly adjustment
148,INV-2026-10148,2026-03-27 06:29:57,93,2414.3,241.43,2655.73,2612.92,Partially Paid,2026-04-30,Fuel,AUD,2026-03-29 03:11:02,Quarterly adjustment
149,INV-2026-10149,2026-02-13 05:13:24,110,3320.64,332.06,3652.7,1643.99,Partially Paid,2026-06-21,Maintenance,AUD,2026-09-28 12:04:59,Quarterly adjustment
150,INV-2026-10150,2026-03-02 00:14:02,156,783.72,78.37,862.09,0.0,Paid,2026-02-08,Fuel,AUD,2026-01-09 08:40:05,Quarterly adjustment
151,INV-2026-10151,2026-12-30 08:29:57,10,2877.67,287.77,3165.44,2287.6,Partially Paid,2026-02-19,Maintenance,AUD,2026-12-05 15:27:18,Fuel reimbursement
152,INV-2026-10152,2026-12-19 09:50:12,79,2425.31,242.53,2667.84,0.0,Paid,2026-07-30,Fuel,AUD,2026-07-31 13:23:11,Fuel reimbursement
153,INV-2026-10153,2026-12-26 00:11:07,132,266.79,26.68,293.47,0.0,Paid,2026-08-04,Maintenance,AUD,2026-05-21 11:31:34,Quarterly adjustment
154,INV-2026-10154,2026-01-15 12:34:03,120,2225.32,222.53,2447.85,0.0,Paid,2026-07-28,Fuel,AUD,2026-09-23 12:21:59,Monthly invoice
155,INV-2026-10155,2026-12-23 05:36:16,100,2464.13,246.41,2710.54,937.52,Partially Paid,2026-01-27,Lease,AUD,2026-09-15 12:38:29,Fuel reimbursement
156,INV-2026-10156,2026-05-29 03:38:58,47,1658.75,165.88,1824.63,376.81,Partially Paid,2026-12-12,Lease,AUD,2026-01-21 02:47:08,Maintenance charge
157,INV-2026-10157,2026-12-30 15:41:57,118,638.75,63.88,702.63,0.0,Paid,2026-01-08,Fuel,AUD,2026-06-22 02:40:26,Maintenance charge
158,INV-2026-10158,2026-03-17 18:29:18,182,2812.44,281.24,3093.68,2059.23,Partially Paid,2026-11-22,Fuel,AUD,2026-04-20 16:32:52,Quarterly adjustment
159,INV-2026-10159,2026-04-03 01:32:30,84,1905.42,190.54,2095.96,0.0,Paid,2026-05-10,Fuel,AUD,2026-11-03 11:15:54,Quarterly adjustment
160,INV-2026-10160,2026-11-27 23:39:40,36,1527.23,152.72,1679.95,0.0,Paid,2026-01-18,Lease,AUD,2026-01-07 06:39:28,Maintenance charge
161,INV-2026-10161,2026-01-06 07:41:30,140,2617.76,261.78,2879.54,0.0,Paid,2026-09-27,Lease,AUD,2026-06-04 23:28:35,Monthly invoice
162,INV-2026-10162,2026-12-10 17:23:57,100,1584.68,158.47,1743.15,0.0,Paid,2026-01-22,Fuel,AUD,2026-02-14 07:59:06,Quarterly adjustment
163,INV-2026-10163,2026-01-07 00:07:29,60,2670.16,267.02,2937.18,384.05,Partially Paid,2026-04-13,Fuel,AUD,2026-09-09 11:34:03,Fuel reimbursement
164,INV-2026-10164,2026-12-25 12:45:49,140,1336.31,133.63,1469.94,0.0,Paid,2026-09-30,Maintenance,AUD,2026-10-29 06:11:41,Quarterly adjustment
165,INV-2026-10165,2026-06-13 14:15:17,105,1965.44,196.54,2161.98,0.0,Paid,2026-05-26,Fuel,AUD,2026-09-13 19:57:45,Maintenance charge
166,INV-2026-10166,2026-09-18 05:51:53,7,275.1,27.51,302.61,0.0,Paid,2026-04-14,Fuel,AUD,2026-11-06 00:02:16,Monthly invoice
167,INV-2026-10167,2026-08-19 01:31:19,150,2140.2,214.02,2354.22,0.0,Paid,2026-11-20,Lease,AUD,2026-01-18 11:08:01,Quarterly adjustment
168,INV-2026-10168,2026-02-09 20:29:27,196,631.29,63.13,694.42,0.0,Paid,2026-05-06,Fuel,AUD,2026-03-15 20:11:27,Quarterly adjustment
169,INV-2026-10169,2026-02-06 09:26:19,127,1829.11,182.91,2012.02,0.0,Paid,2026-11-17,Lease,AUD,2026-06-11 02:00:35,Monthly invoice
170,INV-2026-10170,2026-04-07 17:28:29,46,2838.42,283.84,3122.26,0.0,Paid,2026-01-15,Lease,AUD,2026-11-30 18:18:09,Quarterly adjustment
171,INV-2026-10171,2026-08-19 23:06:30,145,1574.76,157.48,1732.24,0.0,Paid,2026-09-17,Fuel,AUD,2026-09-18 10:53:41,Monthly invoice
172,INV-2026-10172,2026-08-02 21:20:34,69,873.32,87.33,960.65,0.0,Paid,2026-07-11,Lease,AUD,2026-05-23 14:02:16,Maintenance charge
173,INV-2026-10173,2026-06-30 15:22:02,82,2724.38,272.44,2996.82,0.0,Paid,2026-02-28,Lease,AUD,2026-08-13 13:59:08,Monthly invoice
174,INV-2026-10174,2026-11-08 11:50:44,69,1812.02,181.2,1993.22,0.0,Paid,2026-04-21,Fuel,AUD,2026-06-28 23:43:11,Monthly invoice
175,INV-2026-10175,2026-04-01 08:26:45,140,3454.75,345.48,3800.23,0.0,Paid,2026-01-27,Lease,AUD,2026-10-20 00:31:44,Fuel reimbursement
176,INV-2026-10176,2026-05-20 15:27:03,105,3141.93,314.19,3456.12,0.0,Paid,2026-09-18,Fuel,AUD,2026-02-28 10:02:46,Monthly invoice
177,INV-2026-10177,2026-07-24 01:37:45,93,1298.89,129.89,1428.78,0.0,Paid,2026-12-15,Maintenance,AUD,2026-11-23 09:18:01,Quarterly adjustment
178,INV-2026-10178,2026-06-10 15:46:22,78,2808.23,280.82,3089.05,0.0,Paid,2026-10-13,Fuel,AUD,2026-12-10 20:29:42,Fuel reimbursement
179,INV-2026-10179,2026-03-11 05:08:09,173,1867.7,186.77,2054.47,0.0,Paid,2026-04-20,Maintenance,AUD,2026-02-19 00:30:48,Quarterly adjustment
180,INV-2026-10180,2026-04-15 20:05:48,88,2826.69,282.67,3109.36,0.0,Paid,2026-03-11,Lease,AUD,2026-01-17 14:52:45,Maintenance charge
181,INV-2026-10181,2026-08-23 07:27:38,52,1577.58,157.76,1735.34,1363.59,Overdue,2026-04-24,Lease,AUD,2026-03-22 18:13:44,Monthly invoice
182,INV-2026-10182,2026-03-10 10:47:13,99,1885.64,188.56,2074.2,0.0,Paid,2026-02-04,Maintenance,AUD,2026-12-13 14:51:28,Maintenance charge
183,INV-2026-10183,2026-10-04 21:23:07,115,2512.24,251.22,2763.46,0.0,Paid,2026-02-04,Maintenance,AUD,2026-10-29 16:53:58,Maintenance charge
184,INV-2026-10184,2026-06-23 03:40:24,12,2691.19,269.12,2960.31,1786.42,Overdue,2026-03-17,Fuel,AUD,2026-12-25 10:54:11,Fuel reimbursement
185,INV-2026-10185,2026-10-20 05:32:00,143,1084.47,108.45,1192.92,0.0,Paid,2026-03-19,Fuel,AUD,2026-05-01 10:35:00,Monthly invoice
186,INV-2026-10186,2026-03-21 15:15:50,154,771.7,77.17,848.87,0.0,Paid,2026-09-13,Fuel,AUD,2026-05-18 09:15:28,Quarterly adjustment
187,INV-2026-10187,2026-04-18 00:34:59,185,3338.55,333.86,3672.41,0.0,Paid,2026-09-18,Fuel,AUD,2026-03-08 20:53:39,Fuel reimbursement
188,INV-2026-10188,2026-02-10 02:16:42,165,1612.15,161.22,1773.37,0.0,Paid,2026-04-20,Fuel,AUD,2026-01-29 19:07:07,Quarterly adjustment
189,INV-2026-10189,2026-09-09 03:32:48,174,1254.75,125.48,1380.23,0.0,Paid,2026-04-02,Maintenance,AUD,2026-08-14 01:12:59,Fuel reimbursement
190,INV-2026-10190,2026-11-03 20:27:03,29,2764.86,276.49,3041.35,0.0,Paid,2026-03-01,Maintenance,AUD,2026-03-29 18:30:10,Quarterly adjustment
191,INV-2026-10191,2026-05-28 01:06:54,191,2492.48,249.25,2741.73,2001.47,Partially Paid,2026-06-08,Lease,AUD,2026-02-14 22:36:11,Monthly invoice
192,INV-2026-10192,2026-03-08 20:22:33,88,1636.19,163.62,1799.81,0.0,Paid,2026-12-07,Maintenance,AUD,2026-02-16 17:47:00,Maintenance charge
193,INV-2026-10193,2026-01-25 19:19:43,108,1749.8,174.98,1924.78,0.0,Paid,2026-04-23,Maintenance,AUD,2026-06-28 18:14:57,Fuel reimbursement
194,INV-2026-10194,2026-07-02 19:47:46,91,1080.5,108.05,1188.55,0.0,Paid,2026-01-02,Maintenance,AUD,2026-01-16 18:42:08,Monthly invoice
195,INV-2026-10195,2026-09-04 15:51:01,45,1258.65,125.87,1384.52,836.86,Partially Paid,2026-04-24,Maintenance,AUD,2026-08-29 23:59:16,Fuel reimbursement
196,INV-2026-10196,2026-08-08 01:13:57,168,2255.58,225.56,2481.14,0.0,Paid,2026-08-13,Fuel,AUD,2026-12-31 19:20:43,Maintenance charge
197,INV-2026-10197,2026-10-06 00:07:08,73,1628.53,162.85,1791.38,0.0,Paid,2026-03-23,Maintenance,AUD,2026-06-22 12:15:41,Monthly invoice
198,INV-2026-10198,2026-07-10 12:26:52,85,2066.21,206.62,2272.83,0.0,Paid,2026-01-24,Lease,AUD,2026-08-20 10:26:33,Monthly invoice
199,INV-2026-10199,2026-01-14 15:08:40,87,868.26,86.83,955.09,0.0,Paid,2026-05-03,Fuel,AUD,2026-06-28 13:57:21,Fuel reimbursement
200,INV-2026-10200,2026-04-08 23:08:57,197,965.29,96.53,1061.82,0.0,Paid,2026-03-24,Fuel,AUD,2026-08-16 15:06:43,Maintenance charge
201,INV-2026-10201,2026-07-17 09:42:25,87,2455.26,245.53,2700.79,561.57,Overdue,2026-10-13,Lease,AUD,2026-08-20 10:58:56,Maintenance charge
202,INV-2026-10202,2026-04-14 18:40:49,61,2692.21,269.22,2961.43,0.0,Paid,2026-11-17,Lease,AUD,2026-10-09 11:00:06,Fuel reimbursement
203,INV-2026-10203,2026-03-11 14:41:12,123,3210.36,321.04,3531.4,0.0,Paid,2026-01-20,Maintenance,AUD,2026-11-13 10:09:08,Fuel reimbursement
204,INV-2026-10204,2026-07-04 10:09:32,118,3398.52,339.85,3738.37,0.0,Paid,2026-01-05,Maintenance,AUD,2026-09-27 00:06:09,Maintenance charge
205,INV-2026-10205,2026-01-29 00:33:02,176,413.28,41.33,454.61,0.0,Paid,2026-04-06,Lease,AUD,2026-04-21 13:59:36,Monthly invoice
206,INV-2026-10206,2026-01-20 11:50:03,22,926.09,92.61,1018.7,0.0,Paid,2026-03-20,Fuel,AUD,2026-11-24 18:24:05,Monthly invoice
207,INV-2026-10207,2026-08-08 22:11:11,167,1975.35,197.53,2172.88,0.0,Paid,2026-04-28,Lease,AUD,2026-11-18 09:41:24,Fuel reimbursement
208,INV-2026-10208,2026-08-04 09:02:16,199,1727.21,172.72,1899.93,0.0,Paid,2026-09-11,Lease,AUD,2026-12-13 20:52:55,Fuel reimbursement
209,INV-2026-10209,2026-11-01 12:07:52,175,3012.38,301.24,3313.62,0.0,Paid,2026-08-11,Maintenance,AUD,2026-12-31 00:17:29,Monthly invoice
210,INV-2026-10210,2026-10-27 07:12:11,47,2712.82,271.28,2984.1,0.0,Paid,2026-06-19,Lease,AUD,2026-03-12 18:42:41,Quarterly adjustment
211,INV-2026-10211,2026-08-10 14:13:11,69,2275.88,227.59,2503.47,0.0,Paid,2026-03-20,Lease,AUD,2026-02-28 07:22:43,Fuel reimbursement
212,INV-2026-10212,2026-04-11 00:12:39,16,329.32,32.93,362.25,0.0,Paid,2026-03-23,Maintenance,AUD,2026-01-07 11:11:28,Maintenance charge
213,INV-2026-10213,2026-10-19 11:42:59,108,1367.08,136.71,1503.79,1250.45,Partially Paid,2026-11-08,Maintenance,AUD,2026-07-11 03:50:50,Fuel reimbursement
214,INV-2026-10214,2026-12-30 08:02:19,139,2446.58,244.66,2691.24,325.51,Overdue,2026-10-11,Maintenance,AUD,2026-03-16 15:29:33,Quarterly adjustment
215,INV-2026-10215,2026-02-10 21:24:35,25,960.87,96.09,1056.96,0.0,Paid,2026-03-31,Maintenance,AUD,2026-09-22 21:51:28,Quarterly adjustment
216,INV-2026-10216,2026-08-10 22:56:51,196,2002.96,200.3,2203.26,0.0,Paid,2026-02-09,Lease,AUD,2026-08-21 14:47:41,Quarterly adjustment
217,INV-2026-10217,2026-10-10 02:59:06,136,3323.24,332.32,3655.56,1629.32,Partially Paid,2026-12-26,Maintenance,AUD,2026-05-27 08:20:23,Quarterly adjustment
218,INV-2026-10218,2026-02-10 19:25:36,184,3331.54,333.15,3664.69,0.0,Paid,2026-07-12,Fuel,AUD,2026-08-13 06:46:48,
219,INV-2026-10219,2026-09-10 08:46:37,5,665.24,66.52,731.76,0.0,Paid,2026-04-25,Maintenance,AUD,2026-05-12 00:57:30,Fuel reimbursement
220,INV-2026-10220,2026-10-19 17:24:38,144,568.23,56.82,625.05,0.0,Paid,2026-02-17,Fuel,AUD,2026-07-12 07:18:19,Monthly invoice
221,INV-2026-10221,2026-08-26 01:00:22,141,2332.66,233.27,2565.93,0.0,Paid,2026-01-05,Lease,AUD,2026-05-08 15:09:09,Fuel reimbursement
222,INV-2026-10222,2026-12-03 18:32:18,54,1415.36,141.54,1556.9,0.0,Paid,2026-12-13,Lease,AUD,2026-12-10 06:30:25,Fuel reimbursement
223,INV-2026-10223,2026-02-08 23:09:30,44,3042.93,304.29,3347.22,0.0,Paid,2026-04-25,Lease,AUD,2026-10-19 20:59:59,Quarterly adjustment
224,INV-2026-10224,2026-06-13 15:12:07,79,1035.72,103.57,1139.29,0.0,Paid,2026-02-14,Fuel,AUD,2026-03-26 06:10:37,Fuel reimbursement
225,INV-2026-10225,2026-03-03 14:24:08,171,3488.35,348.84,3837.19,0.0,Paid,2026-01-24,Maintenance,AUD,2026-06-23 18:06:29,Quarterly adjustment
226,INV-2026-10226,2026-05-10 00:59:49,71,1244.45,124.45,1368.9,0.0,Paid,2026-09-14,Maintenance,AUD,2026-10-27 04:41:48,Maintenance charge
227,INV-2026-10227,2026-06-15 04:29:12,44,723.42,72.34,795.76,0.0,Paid,2026-04-28,Maintenance,AUD,2026-08-07 05:20:35,Fuel reimbursement
228,INV-2026-10228,2026-07-10 17:04:37,185,2641.62,264.16,2905.78,0.0,Paid,2026-08-14,Maintenance,AUD,2026-02-01 19:59:14,Fuel reimbursement
229,INV-2026-10229,2026-06-24 20:27:58,38,367.43,36.74,404.17,0.0,Paid,2026-09-24,Lease,AUD,2026-02-21 09:53:37,Fuel reimbursement
230,INV-2026-10230,2026-08-19 17:23:47,67,2736.34,273.63,3009.97,0.0,Paid,2026-02-27,Fuel,AUD,2026-12-10 15:09:15,Quarterly adjustment
231,INV-2026-10231,2026-05-22 09:18:48,159,2670.05,267.01,2937.06,0.0,Paid,2026-07-29,Fuel,AUD,2026-07-26 06:20:59,Maintenance charge
232,INV-2026-10232,2026-05-25 08:41:25,193,1278.51,127.85,1406.36,60.2,Partially Paid,2026-07-11,Maintenance,AUD,2026-06-22 10:29:39,Maintenance charge
233,INV-2026-10233,2026-04-06 18:49:43,128,349.53,34.95,384.48,0.0,Paid,2026-05-08,Fuel,AUD,2026-07-17 00:38:14,Monthly invoice
234,INV-2026-10234,2026-10-07 14:13:54,126,1642.12,164.21,1806.33,0.0,Paid,2026-08-29,Fuel,AUD,2026-07-25 20:03:26,Fuel reimbursement
235,INV-2026-10235,2026-11-02 09:47:53,106,2581.08,258.11,2839.19,0.0,Paid,2026-01-25,Maintenance,AUD,2026-05-04 13:50:45,Fuel reimbursement
236,INV-2026-10236,2026-08-20 12:45:36,114,2324.76,232.48,2557.24,0.0,Paid,2026-03-11,Maintenance,AUD,2026-02-25 08:12:41,Monthly invoice
237,INV-2026-10237,2026-04-15 16:22:51,91,1952.71,195.27,2147.98,0.0,Paid,2026-12-19,Maintenance,AUD,2026-08-25 15:25:24,Fuel reimbursement
238,INV-2026-10238,2026-01-30 19:58:22,122,3369.49,336.95,3706.44,0.0,Paid,2026-08-01,Fuel,AUD,2026-01-09 20:17:06,Maintenance charge
239,INV-2026-10239,2026-02-09 01:28:37,155,825.95,82.6,908.55,0.0,Paid,2026-11-27,Fuel,AUD,2026-01-28 08:27:46,Fuel reimbursement
240,INV-2026-10240,2026-11-28 18:57:57,142,2472.8,247.28,2720.08,0.0,Paid,2026-06-22,Fuel,AUD,2026-06-12 19:23:29,Maintenance charge
241,INV-2026-10241,2026-12-29 21:46:20,33,330.49,33.05,363.54,0.0,Paid,2026-02-11,Lease,AUD,2026-10-20 12:28:30,Quarterly adjustment
242,INV-2026-10242,2026-07-05 06:42:24,115,3273.91,327.39,3601.3,0.0,Paid,2026-10-03,Fuel,AUD,2026-06-08 08:24:52,Maintenance charge
243,INV-2026-10243,2026-01-21 18:27:04,76,2006.95,200.7,2207.65,0.0,Paid,2026-12-07,Maintenance,AUD,2026-12-03 00:14:59,Quarterly adjustment
244,INV-2026-10244,2026-06-21 08:45:36,163,1021.46,102.15,1123.61,0.0,Paid,2026-05-29,Fuel,AUD,2026-07-29 16:07:32,Fuel reimbursement
245,INV-2026-10245,2026-09-29 10:37:57,180,2375.21,237.52,2612.73,0.0,Paid,2026-10-20,Fuel,AUD,2026-09-24 14:19:29,Maintenance charge
246,INV-2026-10246,2026-07-17 04:47:48,169,520.9,52.09,572.99,0.0,Paid,2026-05-27,Fuel,AUD,2026-01-19 04:35:08,Quarterly adjustment
247,INV-2026-10247,2026-01-23 19:24:09,98,2124.99,212.5,2337.49,0.0,Paid,2026-12-23,Maintenance,AUD,2026-10-16 00:12:28,Fuel reimbursement
248,INV-2026-10248,2026-11-23 09:25:11,67,2020.69,202.07,2222.76,0.0,Paid,2026-03-27,Maintenance,AUD,2026-12-18 02:10:00,Fuel reimbursement
249,INV-2026-10249,2026-02-20 04:22:00,78,763.32,76.33,839.65,0.0,Paid,2026-01-25,Maintenance,AUD,2026-03-19 05:32:01,Quarterly adjustment
250,INV-2026-10250,2026-09-29 10:02:45,33,341.31,34.13,375.44,0.0,Paid,2026-04-18,Lease,AUD,2026-02-11 10:05:26,Quarterly adjustment
251,INV-2026-10251,2026-04-07 02:15:43,21,3069.82,306.98,3376.8,0.0,Paid,2026-10-11,Lease,AUD,2026-04-11 14:01:25,Fuel reimbursement
252,INV-2026-10252,2026-09-28 21:26:04,3,2152.16,215.22,2367.38,0.0,Paid,2026-08-21,Fuel,AUD,2026-08-17 11:15:01,Fuel reimbursement
253,INV-2026-10253,2026-01-25 05:19:46,40,3128.9,312.89,3441.79,0.0,Paid,2026-12-19,Lease,AUD,2026-12-22 00:48:54,Monthly invoice
254,INV-2026-10254,2026-08-17 13:34:02,155,2446.27,244.63,2690.9,0.0,Paid,2026-08-26,Fuel,AUD,2026-12-23 19:56:13,Fuel reimbursement
255,INV-2026-10255,2026-02-23 06:25:42,198,3460.41,346.04,3806.45,0.0,Paid,2026-04-10,Lease,AUD,2026-11-28 03:06:20,Quarterly adjustment
256,INV-2026-10256,2026-03-13 00:41:52,186,3092.35,309.24,3401.59,0.0,Paid,2026-12-25,Fuel,AUD,2026-12-15 06:47:03,Monthly invoice
257,INV-2026-10257,2026-10-24 03:48:59,35,615.46,61.55,677.01,379.62,Overdue,2026-12-23,Lease,AUD,2026-07-26 21:06:24,Quarterly adjustment
258,INV-2026-10258,2026-05-31 16:46:16,161,1413.63,141.36,1554.99,0.0,Paid,2026-05-09,Maintenance,AUD,2026-06-10 16:13:21,Quarterly adjustment
259,INV-2026-10259,2026-06-24 11:51:51,181,943.06,94.31,1037.37,0.0,Paid,2026-02-25,Fuel,AUD,2026-11-12 22:56:35,Fuel reimbursement
260,INV-2026-10260,2026-02-10 20:58:53,172,2232.68,223.27,2455.95,0.0,Paid,2026-03-21,Lease,AUD,2026-02-26 18:41:16,Monthly invoice
261,INV-2026-10261,2026-06-19 19:40:12,61,1495.41,149.54,1644.95,0.0,Paid,2026-12-01,Fuel,AUD,2026-05-28 13:04:16,
262,INV-2026-10262,2026-12-30 04:57:46,109,1501.2,150.12,1651.32,0.0,Paid,2026-09-28,Lease,AUD,2026-03-01 12:30:10,Quarterly adjustment
263,INV-2026-10263,2026-02-12 04:32:17,166,933.24,93.32,1026.56,0.0,Paid,2026-05-18,Lease,AUD,2026-10-25 10:26:01,Monthly invoice
264,INV-2026-10264,2026-03-11 19:56:24,59,3082.28,308.23,3390.51,0.0,Paid,2026-06-30,Maintenance,AUD,2026-06-13 13:28:15,Quarterly adjustment
265,INV-2026-10265,2026-08-05 07:24:54,131,3378.56,337.86,3716.42,0.0,Paid,2026-08-19,Lease,AUD,2026-06-30 06:59:14,Maintenance charge
266,INV-2026-10266,2026-04-13 18:18:54,182,1120.12,112.01,1232.13,462.99,Overdue,2026-08-13,Lease,AUD,2026-02-27 02:11:29,Monthly invoice
267,INV-2026-10267,2026-07-23 20:15:03,7,1247.47,124.75,1372.22,0.0,Paid,2026-03-28,Fuel,AUD,2026-06-16 05:25:40,Fuel reimbursement
268,INV-2026-10268,2026-08-07 02:57:37,113,1314.59,131.46,1446.05,790.26,Overdue,2026-10-17,Fuel,AUD,2026-07-27 17:13:01,Monthly invoice
269,INV-2026-10269,2026-02-10 00:50:01,130,2900.97,290.1,3191.07,0.0,Paid,2026-08-10,Lease,AUD,2026-02-24 18:59:27,Monthly invoice
270,INV-2026-10270,2026-08-23 23:23:13,185,512.23,51.22,563.45,0.0,Paid,2026-09-28,Fuel,AUD,2026-01-08 09:25:46,Fuel reimbursement
271,INV-2026-10271,2026-11-10 07:51:05,167,2315.45,231.54,2546.99,0.0,Paid,2026-08-14,Lease,AUD,2026-03-17 05:31:37,Maintenance charge
272,INV-2026-10272,2026-06-18 20:16:59,143,3309.65,330.97,3640.62,0.0,Paid,2026-07-06,Fuel,AUD,2026-07-19 13:06:53,Fuel reimbursement
273,INV-2026-10273,2026-06-25 16:56:33,93,1899.79,189.98,2089.77,0.0,Paid,2026-09-03,Fuel,AUD,2026-10-04 22:12:21,Maintenance charge
274,INV-2026-10274,2026-12-27 09:39:41,94,3261.12,326.11,3587.23,0.0,Paid,2026-04-23,Maintenance,AUD,2026-03-24 08:14:27,Maintenance charge
275,INV-2026-10275,2026-03-31 07:53:15,139,668.25,66.83,735.08,199.52,Overdue,2026-09-05,Fuel,AUD,2026-02-20 05:04:00,Maintenance charge
276,INV-2026-10276,2026-06-20 05:06:02,173,3147.73,314.77,3462.5,1154.67,Overdue,2026-05-31,Fuel,AUD,2026-10-20 03:46:43,Maintenance charge
277,INV-2026-10277,2026-07-11 23:06:58,54,365.67,36.57,402.24,0.0,Paid,2026-02-21,Fuel,AUD,2026-10-26 02:18:34,Quarterly adjustment
278,INV-2026-10278,2026-07-03 10:39:37,89,2409.26,240.93,2650.19,0.0,Paid,2026-05-12,Lease,AUD,2026-08-12 08:20:33,Monthly invoice
279,INV-2026-10279,2026-01-15 22:59:49,193,509.6,50.96,560.56,0.0,Paid,2026-10-01,Maintenance,AUD,2026-02-10 01:20:04,Quarterly adjustment
280,INV-2026-10280,2026-01-31 06:36:19,180,404.13,40.41,444.54,236.16,Partially Paid,2026-04-04,Maintenance,AUD,2026-05-24 09:34:43,Quarterly adjustment
281,INV-2026-10281,2026-06-04 05:36:12,180,1674.16,167.42,1841.58,0.0,Paid,2026-11-06,Lease,AUD,2026-12-10 08:35:46,Monthly invoice
282,INV-2026-10282,2026-10-30 08:24:52,73,2672.08,267.21,2939.29,1338.02,Partially Paid,2026-05-07,Fuel,AUD,2026-10-09 07:03:35,Fuel reimbursement
283,INV-2026-10283,2026-09-17 14:21:10,128,1327.65,132.77,1460.42,0.0,Paid,2026-10-03,Maintenance,AUD,2026-03-07 21:43:21,Fuel reimbursement
284,INV-2026-10284,2026-10-09 23:30:31,161,2434.28,243.43,2677.71,0.0,Paid,2026-12-21,Maintenance,AUD,2026-09-17 15:43:27,Monthly invoice
285,INV-2026-10285,2026-01-11 11:23:27,175,2913.69,291.37,3205.06,0.0,Paid,2026-07-29,Fuel,AUD,2026-08-06 06:16:03,Fuel reimbursement
286,INV-2026-10286,2026-11-09 05:56:05,2,3359.01,335.9,3694.91,2689.63,Overdue,2026-02-08,Maintenance,AUD,2026-05-29 00:02:44,Monthly invoice
287,INV-2026-10287,2026-03-26 07:58:08,140,2040.09,204.01,2244.1,0.0,Paid,2026-03-28,Lease,AUD,2026-08-21 17:20:38,Fuel reimbursement
288,INV-2026-10288,2026-08-08 06:10:58,157,1773.11,177.31,1950.42,0.0,Paid,2026-06-18,Lease,AUD,2026-11-30 10:22:37,Maintenance charge
289,INV-2026-10289,2026-10-11 00:51:42,73,2018.91,201.89,2220.8,0.0,Paid,2026-08-14,Maintenance,AUD,2026-06-23 01:30:58,Maintenance charge
290,INV-2026-10290,2026-08-13 04:46:41,74,2226.49,222.65,2449.14,0.0,Paid,2026-02-22,Lease,AUD,2026-10-05 09:59:59,Monthly invoice
291,INV-2026-10291,2026-07-17 13:31:51,110,2555.15,255.52,2810.67,0.0,Paid,2026-12-23,Lease,AUD,2026-11-25 19:48:13,Fuel reimbursement
292,INV-2026-10292,2026-03-05 10:16:06,62,1657.25,165.73,1822.98,0.0,Paid,2026-07-01,Maintenance,AUD,2026-04-10 11:44:22,Maintenance charge
293,INV-2026-10293,2026-05-31 19:08:43,11,1769.16,176.92,1946.08,0.0,Paid,2026-03-24,Maintenance,AUD,2026-05-16 01:54:22,Fuel reimbursement
294,INV-2026-10294,2026-09-06 13:39:30,159,2912.99,291.3,3204.29,0.0,Paid,2026-12-23,Fuel,AUD,2026-12-03 15:01:12,Quarterly adjustment
295,INV-2026-10295,2026-01-27 22:28:53,138,953.38,95.34,1048.72,0.0,Paid,2026-08-20,Lease,AUD,2026-06-20 01:48:13,Fuel reimbursement
296,INV-2026-10296,2026-11-24 14:02:22,155,429.42,42.94,472.36,0.0,Paid,2026-11-24,Maintenance,AUD,2026-01-20 20:36:27,Monthly invoice
297,INV-2026-10297,2026-07-26 10:34:55,118,2675.28,267.53,2942.81,0.0,Paid,2026-05-05,Fuel,AUD,2026-11-07 03:18:01,Fuel reimbursement
298,INV-2026-10298,2026-06-03 13:04:36,184,3224.0,322.4,3546.4,0.0,Paid,2026-03-10,Maintenance,AUD,2026-05-06 16:35:25,Monthly invoice
299,INV-2026-10299,2026-03-02 11:52:23,116,3152.89,315.29,3468.18,0.0,Paid,2026-03-10,Maintenance,AUD,2026-01-02 07:32:41,Maintenance charge
300,INV-2026-10300,2026-10-10 00:35:30,75,3498.27,349.83,3848.1,0.0,Paid,2026-11-26,Lease,AUD,2026-08-03 14:49:26,Monthly invoice
301,INV-2026-10301,2026-05-09 23:00:29,108,282.4,28.24,310.64,0.0,Paid,2026-03-22,Maintenance,AUD,2026-06-28 03:06:25,Monthly invoice
302,INV-2026-10302,2026-07-23 06:35:20,93,1650.21,165.02,1815.23,1280.6,Partially Paid,2026-01-13,Fuel,AUD,2026-07-16 13:42:58,Maintenance charge
303,INV-2026-10303,2026-10-20 00:21:30,115,2715.66,271.57,2987.23,1365.61,Partially Paid,2026-04-30,Maintenance,AUD,2026-03-22 04:06:10,Fuel reimbursement
304,INV-2026-10304,2026-08-02 14:28:38,114,1428.07,142.81,1570.88,0.0,Paid,2026-11-26,Lease,AUD,2026-03-16 09:38:52,Maintenance charge
305,INV-2026-10305,2026-02-20 17:45:11,91,1101.93,110.19,1212.12,0.0,Paid,2026-01-12,Maintenance,AUD,2026-12-02 21:46:23,Fuel reimbursement
306,INV-2026-10306,2026-08-05 22:32:58,46,880.32,88.03,968.35,0.0,Paid,2026-10-16,Fuel,AUD,2026-07-26 01:32:59,Fuel reimbursement
307,INV-2026-10307,2026-05-15 19:18:13,88,2820.48,282.05,3102.53,0.0,Paid,2026-03-09,Fuel,AUD,2026-10-10 03:38:49,Monthly invoice
308,INV-2026-10308,2026-01-20 02:04:07,193,2761.36,276.14,3037.5,0.0,Paid,2026-07-14,Maintenance,AUD,2026-04-23 17:37:13,Monthly invoice
309,INV-2026-10309,2026-08-31 18:41:44,81,3259.21,325.92,3585.13,388.33,Partially Paid,2026-09-11,Lease,AUD,2026-01-20 12:18:02,Fuel reimbursement
310,INV-2026-10310,2026-02-09 12:14:35,59,2900.21,290.02,3190.23,3186.47,Overdue,2026-12-01,Maintenance,AUD,2026-12-16 20:53:29,Maintenance charge
311,INV-2026-10311,2026-06-20 11:44:50,173,913.19,91.32,1004.51,0.0,Paid,2026-10-16,Fuel,AUD,2026-01-02 06:05:12,Quarterly adjustment
312,INV-2026-10312,2026-12-15 17:59:51,19,3297.5,329.75,3627.25,2706.76,Overdue,2026-12-01,Fuel,AUD,2026-05-08 17:18:44,Fuel reimbursement
313,INV-2026-10313,2026-01-16 12:36:13,107,1996.6,199.66,2196.26,0.0,Paid,2026-04-01,Fuel,AUD,2026-06-12 12:40:58,Monthly invoice
314,INV-2026-10314,2026-03-26 12:39:44,169,900.59,90.06,990.65,293.16,Partially Paid,2026-09-20,Lease,AUD,2026-03-05 09:33:46,Monthly invoice
315,INV-2026-10315,2026-12-13 11:46:57,148,1514.09,151.41,1665.5,0.0,Paid,2026-11-09,Lease,AUD,2026-05-14 01:26:37,Maintenance charge
316,INV-2026-10316,2026-08-04 09:47:12,184,2048.89,204.89,2253.78,52.04,Overdue,2026-02-24,Lease,AUD,2026-12-19 07:50:51,Fuel reimbursement
317,INV-2026-10317,2026-09-20 11:21:46,163,2451.32,245.13,2696.45,0.0,Paid,2026-05-17,Maintenance,AUD,2026-03-12 07:12:08,Quarterly adjustment
318,INV-2026-10318,2026-04-16 11:07:40,143,413.01,41.3,454.31,243.39,Overdue,2026-02-16,Fuel,AUD,2026-06-01 17:21:18,Quarterly adjustment
319,INV-2026-10319,2026-02-12 22:13:51,26,2882.77,288.28,3171.05,1455.52,Partially Paid,2026-04-15,Fuel,AUD,2026-05-08 18:32:44,Fuel reimbursement
320,INV-2026-10320,2026-01-15 15:31:01,126,3362.0,336.2,3698.2,0.0,Paid,2026-02-06,Lease,AUD,2026-02-28 11:46:04,Monthly invoice
321,INV-2026-10321,2026-06-03 01:20:06,197,438.41,43.84,482.25,0.0,Paid,2026-06-25,Maintenance,AUD,2026-05-03 07:44:44,Monthly invoice
322,INV-2026-10322,2026-05-26 06:16:42,89,2390.32,239.03,2629.35,0.0,Paid,2026-04-14,Lease,AUD,2026-12-23 12:17:53,Monthly invoice
323,INV-2026-10323,2026-07-29 23:23:06,76,2433.69,243.37,2677.06,0.0,Paid,2026-11-15,Fuel,AUD,2026-04-12 16:59:39,Maintenance charge
324,INV-2026-10324,2026-01-18 00:45:00,93,1018.55,101.86,1120.41,0.0,Paid,2026-12-23,Maintenance,AUD,2026-09-05 04:01:03,Monthly invoice
325,INV-2026-10325,2026-02-04 07:09:39,160,1009.05,100.91,1109.96,0.0,Paid,2026-09-04,Maintenance,AUD,2026-02-22 07:50:29,Fuel reimbursement
326,INV-2026-10326,2026-03-01 02:46:54,144,757.94,75.79,833.73,747.85,Partially Paid,2026-01-27,Maintenance,AUD,2026-04-21 19:55:20,Monthly invoice
327,INV-2026-10327,2026-03-11 12:59:07,32,1545.86,154.59,1700.45,0.0,Paid,2026-11-08,Fuel,AUD,2026-11-22 23:40:52,Monthly invoice
328,INV-2026-10328,2026-01-09 02:21:30,64,765.72,76.57,842.29,445.51,Partially Paid,2026-01-15,Lease,AUD,2026-08-28 08:22:26,Monthly invoice
329,INV-2026-10329,2026-04-22 21:56:07,195,2988.34,298.83,3287.17,0.0,Paid,2026-09-11,Fuel,AUD,2026-03-16 02:56:26,Maintenance charge
330,INV-2026-10330,2026-02-26 01:56:46,187,2130.32,213.03,2343.35,0.0,Paid,2026-12-17,Fuel,AUD,2026-05-04 08:55:20,Quarterly adjustment
331,INV-2026-10331,2026-11-10 07:23:14,165,1894.18,189.42,2083.6,0.0,Paid,2026-10-25,Lease,AUD,2026-06-29 16:30:45,Quarterly adjustment
332,INV-2026-10332,2026-10-20 08:46:55,67,1411.56,141.16,1552.72,79.89,Overdue,2026-01-10,Fuel,AUD,2026-04-08 04:20:54,Quarterly adjustment
333,INV-2026-10333,2026-11-04 13:02:25,54,957.51,95.75,1053.26,0.0,Paid,2026-08-26,Maintenance,AUD,2026-09-12 15:48:51,Fuel reimbursement
334,INV-2026-10334,2026-05-25 13:01:46,40,2308.14,230.81,2538.95,0.0,Paid,2026-05-03,Fuel,AUD,2026-12-28 20:36:39,Quarterly adjustment
335,INV-2026-10335,2026-04-05 12:36:21,196,2708.45,270.84,2979.29,0.0,Paid,2026-04-27,Maintenance,AUD,2026-09-02 11:20:00,Maintenance charge
336,INV-2026-10336,2026-12-01 16:12:17,113,1431.84,143.18,1575.02,0.0,Paid,2026-05-13,Fuel,AUD,2026-12-29 20:18:47,Quarterly adjustment
337,INV-2026-10337,2026-12-26 04:49:53,71,3496.66,349.67,3846.33,1132.62,Partially Paid,2026-11-18,Maintenance,AUD,2026-04-16 16:18:10,Maintenance charge
338,INV-2026-10338,2026-03-26 03:07:46,183,2870.23,287.02,3157.25,0.0,Paid,2026-12-08,Maintenance,AUD,2026-07-03 05:48:15,Quarterly adjustment
339,INV-2026-10339,2026-05-02 13:57:13,171,3161.31,316.13,3477.44,1572.29,Overdue,2026-05-27,Lease,AUD,2026-08-13 21:24:44,Maintenance charge
340,INV-2026-10340,2026-05-20 12:05:25,19,2597.05,259.71,2856.76,0.0,Paid,2026-09-13,Maintenance,AUD,2026-10-11 21:57:44,Quarterly adjustment
341,INV-2026-10341,2026-02-11 16:53:16,133,1885.42,188.54,2073.96,0.0,Paid,2026-01-21,Fuel,AUD,2026-10-25 20:35:21,Fuel reimbursement
342,INV-2026-10342,2026-05-20 06:41:09,83,944.43,94.44,1038.87,0.0,Paid,2026-05-13,Maintenance,AUD,2026-05-15 07:01:54,Maintenance charge
343,INV-2026-10343,2026-06-22 02:02:07,170,727.13,72.71,799.84,0.0,Paid,2026-07-10,Lease,AUD,2026-07-09 17:51:47,
344,INV-2026-10344,2026-04-30 17:10:12,31,2144.02,214.4,2358.42,0.0,Paid,2026-08-18,Lease,AUD,2026-01-14 22:17:53,Monthly invoice
345,INV-2026-10345,2026-10-31 03:16:55,123,1553.7,155.37,1709.07,0.0,Paid,2026-11-21,Lease,AUD,2026-07-01 15:25:28,Quarterly adjustment
346,INV-2026-10346,2026-01-02 18:04:22,183,3028.89,302.89,3331.78,0.0,Paid,2026-08-24,Lease,AUD,2026-03-06 05:49:45,Fuel reimbursement
347,INV-2026-10347,2026-09-22 23:28:54,117,2031.85,203.19,2235.04,0.0,Paid,2026-11-04,Fuel,AUD,2026-03-17 01:24:17,Maintenance charge
348,INV-2026-10348,2026-06-18 02:32:50,38,2905.45,290.55,3196.0,0.0,Paid,2026-10-30,Lease,AUD,2026-04-21 14:49:43,Fuel reimbursement
349,INV-2026-10349,2026-05-17 15:20:02,126,3366.63,336.66,3703.29,0.0,Paid,2026-09-30,Lease,AUD,2026-02-24 20:22:50,Fuel reimbursement
350,INV-2026-10350,2026-08-10 22:53:04,63,1426.73,142.67,1569.4,0.0,Paid,2026-05-31,Fuel,AUD,2026-11-26 05:38:23,Fuel reimbursement
351,INV-2026-10351,2026-09-04 22:38:25,177,2968.22,296.82,3265.04,0.0,Paid,2026-07-05,Lease,AUD,2026-08-09 15:16:46,Quarterly adjustment
352,INV-2026-10352,2026-07-28 11:21:54,184,2655.75,265.57,2921.32,929.64,Partially Paid,2026-04-25,Lease,AUD,2026-07-26 12:38:43,Monthly invoice
353,INV-2026-10353,2026-03-20 05:15:26,23,804.66,80.47,885.13,0.0,Paid,2026-09-14,Maintenance,AUD,2026-12-21 07:33:37,Quarterly adjustment
354,INV-2026-10354,2026-01-14 05:41:46,99,2163.19,216.32,2379.51,0.0,Paid,2026-08-09,Fuel,AUD,2026-09-20 22:19:54,Monthly invoice
355,INV-2026-10355,2026-11-11 20:54:52,195,3332.3,333.23,3665.53,0.0,Paid,2026-06-18,Lease,AUD,2026-03-11 15:01:38,Maintenance charge
356,INV-2026-10356,2026-07-09 03:01:22,150,1727.81,172.78,1900.59,0.0,Paid,2026-07-21,Fuel,AUD,2026-10-23 06:32:29,Maintenance charge
357,INV-2026-10357,2026-10-12 19:34:51,23,2881.17,288.12,3169.29,0.0,Paid,2026-12-11,Fuel,AUD,2026-09-06 08:35:19,Monthly invoice
358,INV-2026-10358,2026-10-13 23:25:36,9,1762.73,176.27,1939.0,0.0,Paid,2026-05-08,Fuel,AUD,2026-02-06 08:21:50,Quarterly adjustment
359,INV-2026-10359,2026-12-25 04:42:30,21,442.25,44.23,486.48,186.9,Partially Paid,2026-12-12,Fuel,AUD,2026-04-14 15:52:11,Maintenance charge
360,INV-2026-10360,2026-02-14 20:29:58,164,2939.98,294.0,3233.98,155.83,Overdue,2026-03-03,Maintenance,AUD,2026-02-26 22:20:50,Monthly invoice
361,INV-2026-10361,2026-10-20 23:37:31,49,2946.5,294.65,3241.15,0.0,Paid,2026-07-30,Maintenance,AUD,2026-04-16 23:05:39,Maintenance charge
362,INV-2026-10362,2026-02-07 19:38:24,98,1826.58,182.66,2009.24,0.0,Paid,2026-11-25,Fuel,AUD,2026-10-18 05:57:12,Maintenance charge
363,INV-2026-10363,2026-03-01 09:22:41,47,3241.13,324.11,3565.24,0.0,Paid,2026-02-15,Lease,AUD,2026-06-20 00:19:51,Maintenance charge
364,INV-2026-10364,2026-04-28 12:45:10,98,1065.61,106.56,1172.17,0.0,Paid,2026-07-27,Fuel,AUD,2026-05-20 04:34:26,Fuel reimbursement
365,INV-2026-10365,2026-06-01 20:51:17,164,3445.75,344.58,3790.33,0.0,Paid,2026-10-04,Lease,AUD,2026-07-20 06:16:55,Monthly invoice
366,INV-2026-10366,2026-06-26 23:54:41,168,1050.07,105.01,1155.08,0.0,Paid,2026-11-19,Lease,AUD,2026-08-16 17:29:50,Fuel reimbursement
367,INV-2026-10367,2026-04-23 01:14:25,132,2696.12,269.61,2965.73,0.0,Paid,2026-07-20,Lease,AUD,2026-11-03 11:12:01,Quarterly adjustment
368,INV-2026-10368,2026-05-07 12:17:58,151,1025.76,102.58,1128.34,0.0,Paid,2026-05-17,Lease,AUD,2026-08-21 00:22:29,Quarterly adjustment
369,INV-2026-10369,2026-11-29 12:13:04,177,2419.41,241.94,2661.35,0.0,Paid,2026-11-18,Fuel,AUD,2026-12-29 22:54:11,Monthly invoice
370,INV-2026-10370,2026-04-16 15:00:00,171,2004.14,200.41,2204.55,0.0,Paid,2026-08-19,Lease,AUD,2026-08-13 12:57:13,Monthly invoice
371,INV-2026-10371,2026-08-05 14:57:57,28,675.83,67.58,743.41,0.0,Paid,2026-12-19,Fuel,AUD,2026-06-30 17:11:40,Maintenance charge
372,INV-2026-10372,2026-08-15 10:23:09,182,2779.05,277.91,3056.96,0.0,Paid,2026-08-22,Fuel,AUD,2026-04-30 05:29:07,Monthly invoice
373,INV-2026-10373,2026-05-24 22:59:44,50,2944.96,294.5,3239.46,0.0,Paid,2026-09-04,Maintenance,AUD,2026-12-19 21:03:42,Monthly invoice
374,INV-2026-10374,2026-08-10 19:54:03,115,2099.29,209.93,2309.22,0.0,Paid,2026-05-05,Maintenance,AUD,2026-04-16 09:00:42,Quarterly adjustment
375,INV-2026-10375,2026-05-22 00:21:34,139,1910.56,191.06,2101.62,0.0,Paid,2026-01-26,Fuel,AUD,2026-12-30 01:00:43,Monthly invoice
376,INV-2026-10376,2026-06-22 23:31:56,2,1766.72,176.67,1943.39,0.0,Paid,2026-11-07,Lease,AUD,2026-12-11 07:52:56,Maintenance charge
377,INV-2026-10377,2026-10-02 12:25:06,180,560.49,56.05,616.54,0.0,Paid,2026-04-25,Fuel,AUD,2026-04-18 15:20:05,Monthly invoice
378,INV-2026-10378,2026-11-18 12:34:37,174,1365.65,136.57,1502.22,0.0,Paid,2026-06-07,Maintenance,AUD,2026-09-16 00:57:11,Maintenance charge
379,INV-2026-10379,2026-05-10 01:11:04,40,2022.72,202.27,2224.99,0.0,Paid,2026-10-01,Fuel,AUD,2026-10-24 19:03:52,Fuel reimbursement
380,INV-2026-10380,2026-08-01 06:10:39,76,3481.15,348.12,3829.27,868.75,Partially Paid,2026-02-21,Lease,AUD,2026-04-18 18:19:16,Maintenance charge
