ID,contractID,start_date,end_date,driverID,createddate,usage_type,odometer_start,expected_km,notes
1,10,2026-09-15 01:37:39,2026-12-15 01:37:39,1158,2026-02-20 21:27:56,Mixed,50377,1763,Replacement vehicle
2,198,2026-08-31 15:00:11,2026-10-17 15:00:11,1011,2026-06-09 13:28:47,Personal,89652,2445,Replacement vehicle
3,73,2026-10-20 04:47:38,2027-02-16 04:47:38,1061,2026-05-01 04:26:59,Personal,26430,3513,Replacement vehicle
4,113,2026-06-29 07:10:09,2026-09-14 07:10:09,1128,2026-07-24 20:16:53,Personal,22241,2135,
5,65,2026-01-21 06:21:03,2026-07-09 06:21:03,1095,2026-08-04 08:41:39,Business,68621,1521,
6,70,2026-06-24 11:57:31,2026-11-07 11:57:31,1111,2026-02-05 14:49:56,Business,60130,3363,Standard allocation
7,14,2026-06-03 23:13:07,2026-10-14 23:13:07,1098,2026-02-01 16:37:04,Personal,30430,730,
8,183,2026-09-10 10:04:21,2026-12-09 10:04:21,1035,2026-01-15 21:00:41,Personal,62925,1636,Standard allocation
9,115,2026-08-27 23:27:41,2026-09-02 23:27:41,1004,2026-04-10 09:23:02,Business,20597,4995,Replacement vehicle
10,136,2026-06-14 09:01:13,2026-07-17 09:01:13,1060,2026-04-27 22:55:57,Business,7258,2453,Replacement vehicle
11,118,2026-01-25 09:24:18,2026-02-27 09:24:18,1127,2026-08-20 18:00:39,Mixed,3154,4721,Replacement vehicle
12,37,2026-04-24 02:51:06,,1090,2026-04-04 10:13:16,Mixed,55600,2034,
13,135,2026-05-21 01:04:14,2026-06-12 01:04:14,1139,2026-07-17 00:38:12,Mixed,73633,666,Standard allocation
14,12,2026-09-04 20:52:52,2026-12-17 20:52:52,1064,2026-10-18 05:29:43,Business,47805,1053,Replacement vehicle
15,169,2026-09-01 23:46:45,2026-10-02 23:46:45,1188,2026-10-21 20:45:31,Personal,18486,863,Standard allocation
16,165,2026-03-09 23:56:56,2026-09-05 23:56:56,1178,2026-07-05 20:14:01,Mixed,24891,1604,Standard allocation
17,10,2026-04-24 23:04:58,2026-06-19 23:04:58,1051,2026-12-11 00:09:53,Business,42365,3040,Replacement vehicle
18,122,2026-04-09 09:03:19,2026-04-23 09:03:19,1048,2026-04-22 02:44:48,Personal,7265,3219,Standard allocation
19,112,2026-12-12 10:36:54,2027-03-29 10:36:54,1098,2026-05-12 16:03:01,Business,66038,4575,Replacement vehicle
20,69,2026-11-08 03:14:29,2026-12-04 03:14:29,1020,2026-06-17 05:32:58,Mixed,24652,4968,
21,21,2026-05-08 08:26:06,2026-10-29 08:26:06,1114,2026-08-23 00:50:26,Mixed,56851,1865,Standard allocation
22,115,2026-01-17 10:46:43,2026-04-22 10:46:43,1111,2026-04-17 15:02:29,Mixed,8518,1114,Standard allocation
23,94,2026-07-19 06:18:29,2027-01-13 06:18:29,1007,2026-02-25 10:48:03,Mixed,89878,4089,
24,61,2026-10-30 08:17:21,2027-04-18 08:17:21,1098,2026-08-09 07:06:11,Business,80310,1756,Standard allocation
25,96,2026-06-22 09:48:50,2026-07-16 09:48:50,1135,2026-05-23 12:13:17,Personal,42207,2783,
26,7,2026-10-13 16:59:12,2026-12-04 16:59:12,1099,2026-12-21 18:49:59,Mixed,16435,2644,Replacement vehicle
27,115,2026-03-25 07:56:28,2026-09-02 07:56:28,1125,2026-03-19 17:47:50,Business,18790,1106,Replacement vehicle
28,114,2026-02-04 02:16:08,2026-08-02 02:16:08,1081,2026-09-17 08:43:04,Personal,9511,4941,Standard allocation
29,41,2026-10-04 10:32:30,2027-03-21 10:32:30,1092,2026-07-17 13:56:50,Business,16907,2146,
30,127,2026-01-11 04:59:05,2026-04-18 04:59:05,1094,2026-07-01 12:32:17,Mixed,18009,1206,Standard allocation
31,184,2026-10-07 04:21:03,2027-02-11 04:21:03,1196,2026-06-09 00:11:49,Mixed,10666,1526,Replacement vehicle
32,19,2026-06-24 18:03:58,2026-10-26 18:03:58,1088,2026-02-19 20:09:54,Mixed,84859,1990,
33,111,2026-07-15 07:01:48,2026-08-03 07:01:48,1132,2026-03-01 10:12:27,Personal,22581,1826,Replacement vehicle
34,58,2026-05-15 09:10:07,2026-09-29 09:10:07,1020,2026-04-08 07:48:38,Business,84238,2748,Standard allocation
35,158,2026-07-27 04:22:32,2026-08-24 04:22:32,1043,2026-08-18 20:03:16,Mixed,21210,1902,Replacement vehicle
36,155,2026-05-12 02:50:33,2026-10-08 02:50:33,1007,2026-02-01 13:03:06,Business,85076,2668,Replacement vehicle
37,107,2026-08-29 01:11:17,2027-02-13 01:11:17,1160,2026-07-31 21:09:02,Personal,85136,2974,Replacement vehicle
38,104,2026-04-26 12:17:04,2026-08-25 12:17:04,1015,2026-03-03 09:24:59,Personal,55476,4466,Standard allocation
39,156,2026-02-25 19:05:21,2026-05-21 19:05:21,1081,2026-10-13 03:14:15,Personal,53260,1571,Replacement vehicle
40,144,2026-02-11 05:42:21,2026-05-08 05:42:21,1031,2026-04-14 21:01:00,Personal,33495,1654,Standard allocation
41,99,2026-12-02 14:35:27,2027-05-13 14:35:27,1040,2026-11-12 22:09:47,Personal,76718,3061,
42,128,2026-07-19 21:34:59,2026-11-20 21:34:59,1078,2026-07-13 03:49:37,Business,12802,3721,
43,56,2026-08-15 13:09:40,2026-11-18 13:09:40,1072,2026-07-12 04:44:53,Mixed,86755,4355,
44,28,2026-06-17 08:32:16,2026-07-26 08:32:16,1186,2026-05-23 01:17:40,Personal,48964,870,Replacement vehicle
45,144,2026-03-17 14:19:08,2026-06-22 14:19:08,1018,2026-05-31 01:01:55,Mixed,60028,2791,Replacement vehicle
46,175,2026-08-26 07:20:05,2026-09-30 07:20:05,1024,2026-06-02 23:26:55,Personal,45444,3495,
47,155,2026-07-17 17:21:56,2026-11-01 17:21:56,1011,2026-01-16 02:42:16,Business,44652,4380,
48,156,2026-12-13 20:35:26,2027-04-28 20:35:26,1156,2026-05-04 16:54:54,Business,52505,2951,Replacement vehicle
49,131,2026-07-26 17:46:00,2026-12-03 17:46:00,1076,2026-07-04 10:19:11,Business,49281,3213,Standard allocation
50,150,2026-04-30 11:45:54,2026-10-13 11:45:54,1121,2026-04-14 02:55:22,Mixed,76821,2364,Replacement vehicle
51,123,2026-03-08 05:17:15,2026-07-25 05:17:15,1158,2026-10-28 19:51:08,Personal,20369,2484,Replacement vehicle
52,29,2026-03-16 02:14:19,2026-03-25 02:14:19,1107,2026-02-28 19:26:29,Personal,27724,3861,Replacement vehicle
53,121,2026-12-05 23:15:02,2026-12-25 23:15:02,1132,2026-03-22 12:33:53,Mixed,43604,4418,Standard allocation
54,45,2026-06-28 12:22:28,2026-11-16 12:22:28,1090,2026-09-20 11:33:06,Mixed,85319,2665,
55,64,2026-04-19 08:31:41,2026-09-13 08:31:41,1076,2026-10-27 11:51:54,Personal,28168,4505,Standard allocation
56,144,2026-11-05 21:42:54,2027-01-19 21:42:54,1146,2026-09-20 18:34:35,Mixed,50767,3732,
57,75,2026-01-17 08:05:17,2026-04-05 08:05:17,1020,2026-05-15 12:20:30,Personal,86979,2600,
58,52,2026-11-18 13:04:09,2027-04-09 13:04:09,1143,2026-09-28 08:47:12,Personal,18992,1394,Replacement vehicle
59,62,2026-04-05 03:52:21,2026-04-22 03:52:21,1135,2026-03-29 15:24:43,Mixed,31518,930,Standard allocation
60,184,2026-07-03 11:07:24,2026-08-02 11:07:24,1035,2026-01-03 00:17:40,Mixed,21701,3833,Standard allocation
61,123,2026-09-10 15:27:36,2026-11-05 15:27:36,1073,2026-05-05 17:29:59,Personal,85659,984,
62,167,2026-08-11 23:18:38,2026-10-14 23:18:38,1185,2026-11-27 05:40:44,Business,23946,3923,
63,10,2026-11-21 17:58:43,2027-03-07 17:58:43,1047,2026-12-30 17:49:34,Mixed,38941,806,
64,146,2026-08-23 02:20:40,2026-09-24 02:20:40,1085,2026-04-21 12:18:24,Personal,85058,4950,
65,130,2026-07-01 18:16:11,2026-09-13 18:16:11,1028,2026-05-09 10:11:57,Business,61150,2607,
66,189,2026-05-11 22:06:47,2026-07-30 22:06:47,1193,2026-03-17 00:23:37,Business,81079,3821,Replacement vehicle
67,84,2026-02-03 16:27:16,2026-05-21 16:27:16,1047,2026-02-24 14:35:51,Personal,43415,2532,
68,99,2026-04-02 11:13:01,2026-07-30 11:13:01,1084,2026-04-28 06:20:21,Mixed,76088,593,Standard allocation
69,178,2026-04-02 18:29:58,2026-04-22 18:29:58,1119,2026-04-30 03:38:32,Business,54138,4616,Replacement vehicle
70,198,2026-05-01 18:31:28,2026-06-05 18:31:28,1075,2026-05-23 17:45:26,Mixed,29947,2295,Standard allocation
71,40,2026-06-26 16:42:30,2026-12-03 16:42:30,1179,2026-08-02 07:14:11,Personal,71453,2289,Replacement vehicle
72,194,2026-08-20 09:23:35,2026-09-14 09:23:35,1135,2026-10-01 07:34:32,Personal,11237,1419,Replacement vehicle
73,130,2026-03-20 12:14:15,2026-08-18 12:14:15,1042,2026-05-08 10:16:40,Mixed,58912,1452,Replacement vehicle
74,150,2026-07-09 20:12:24,2026-08-06 20:12:24,1114,2026-11-11 01:33:23,Business,60432,1580,Standard allocation
75,145,2026-01-23 10:08:44,2026-06-20 10:08:44,1078,2026-10-08 21:27:32,Business,52897,2584,Replacement vehicle
76,56,2026-08-13 14:15:06,2026-09-05 14:15:06,1088,2026-09-30 00:03:36,Business,71931,993,
77,121,2026-01-13 07:47:25,2026-04-01 07:47:25,1196,2026-02-22 14:17:18,Mixed,85656,3943,Standard allocation
78,115,2026-12-04 17:26:54,2027-03-15 17:26:54,1174,2026-09-15 00:21:12,Mixed,18431,3348,Replacement vehicle
79,101,2026-07-25 09:10:11,2026-08-31 09:10:11,1057,2026-11-21 05:06:05,Business,3979,2944,Replacement vehicle
80,140,2026-06-14 17:09:35,2026-11-02 17:09:35,1058,2026-04-07 02:58:45,Personal,46371,1770,Replacement vehicle
81,196,2026-02-13 19:47:17,2026-02-26 19:47:17,1107,2026-08-27 19:29:58,Business,32544,2188,Replacement vehicle
82,9,2026-06-23 09:07:56,2026-11-28 09:07:56,1012,2026-04-06 01:05:15,Mixed,6798,3795,Replacement vehicle
83,56,2026-10-20 23:23:03,2026-11-08 23:23:03,1074,2026-04-01 22:32:36,Mixed,76511,3112,Replacement vehicle
84,83,2026-04-03 00:06:20,2026-06-24 00:06:20,1169,2026-07-22 10:24:43,Business,55206,2961,Replacement vehicle
85,152,2026-12-08 15:31:39,2027-01-26 15:31:39,1109,2026-08-04 20:54:13,Personal,7145,3321,Replacement vehicle
86,98,2026-11-02 04:13:46,2027-03-21 04:13:46,1106,2026-06-08 13:15:04,Business,40306,3583,Replacement vehicle
87,122,2026-04-04 13:59:10,2026-06-05 13:59:10,1181,2026-02-26 01:27:20,Personal,8552,3880,Replacement vehicle
88,136,2026-02-22 01:50:06,2026-06-06 01:50:06,1052,2026-05-09 06:16:27,Mixed,11363,4184,
89,138,2026-10-09 09:37:08,2026-12-01 09:37:08,1096,2026-09-19 15:04:38,Mixed,80026,823,
90,195,2026-08-17 04:40:36,2027-02-09 04:40:36,1122,2026-03-23 02:59:14,Personal,40739,625,
91,190,2026-02-15 13:27:58,2026-06-22 13:27:58,1178,2026-08-23 17:25:50,Mixed,27805,3749,Replacement vehicle
92,83,2026-10-29 04:18:47,2027-01-14 04:18:47,1136,2026-09-09 22:31:16,Personal,41425,2642,Standard allocation
93,120,2026-02-08 07:05:43,2026-06-13 07:05:43,1081,2026-12-22 02:10:40,Business,49589,3063,Replacement vehicle
94,57,2026-10-15 20:58:22,,1141,2026-12-30 00:34:42,Mixed,76909,3920,
95,85,2026-03-31 07:55:44,2026-07-11 07:55:44,1062,2026-07-13 21:49:37,Mixed,86800,3265,Standard allocation
96,186,2026-09-07 05:01:32,2027-01-15 05:01:32,1187,2026-11-05 17:42:31,Personal,23185,1646,Standard allocation
97,48,2026-12-23 02:07:18,2027-05-15 02:07:18,1015,2026-07-23 11:30:57,Business,10742,897,Standard allocation
98,36,2026-11-24 05:05:09,2027-05-09 05:05:09,1181,2026-02-28 15:41:54,Business,29668,4642,
99,159,2026-09-05 16:03:40,2027-02-27 16:03:40,1123,2026-09-14 00:58:31,Personal,3061,554,Standard allocation
100,4,2026-01-07 11:53:56,2026-05-27 11:53:56,1137,2026-04-22 08:07:51,Business,66826,4027,
101,28,2026-12-23 12:50:07,2027-01-21 12:50:07,1061,2026-03-16 12:56:11,Mixed,70003,2567,Standard allocation
102,102,2026-01-31 16:30:45,2026-05-11 16:30:45,1117,2026-08-08 10:12:07,Business,30603,2957,
103,168,2026-11-30 07:10:56,2027-05-20 07:10:56,1023,2026-06-07 09:28:03,Personal,50436,4399,
104,180,2026-03-08 13:24:38,2026-04-03 13:24:38,1111,2026-09-08 10:58:16,Personal,75167,1281,
105,59,2026-03-24 02:32:59,2026-08-21 02:32:59,1011,2026-12-25 21:47:19,Business,37749,4948,
106,46,2026-11-27 06:33:35,,1053,2026-08-16 23:34:23,Business,53205,1130,Replacement vehicle
107,62,2026-08-09 01:59:19,2026-11-21 01:59:19,1138,2026-05-09 19:56:46,Personal,19343,1142,Standard allocation
108,14,2026-02-07 22:29:51,2026-06-03 22:29:51,1019,2026-05-13 06:33:16,Mixed,81460,3749,Standard allocation
109,8,2026-09-04 06:27:15,2026-11-17 06:27:15,1115,2026-07-10 12:45:20,Business,47636,3575,Replacement vehicle
110,150,2026-09-14 13:54:30,2026-12-25 13:54:30,1158,2026-04-25 17:08:10,Business,10634,1172,Standard allocation
111,183,2026-11-01 10:23:13,2027-04-17 10:23:13,1099,2026-05-03 23:39:18,Personal,14965,1249,
112,79,2026-06-22 17:14:19,2026-09-27 17:14:19,1026,2026-02-21 11:03:17,Business,25561,4030,Replacement vehicle
113,132,2026-06-08 11:14:50,2026-07-09 11:14:50,1090,2026-08-04 05:42:10,Business,79240,3157,
114,75,2026-06-10 16:59:21,2026-09-22 16:59:21,1185,2026-12-16 23:11:48,Mixed,32816,4768,Standard allocation
115,44,2026-02-23 22:04:59,2026-05-07 22:04:59,1126,2026-02-26 16:12:40,Business,22916,4060,Standard allocation
116,124,2026-10-31 22:58:54,2026-11-24 22:58:54,1063,2026-10-07 23:16:11,Mixed,65985,2101,
117,78,2026-01-03 15:04:35,2026-04-19 15:04:35,1158,2026-05-28 12:49:51,Personal,58700,3242,Replacement vehicle
118,153,2026-02-22 20:46:19,2026-05-14 20:46:19,1177,2026-03-20 00:04:17,Personal,42180,1955,Standard allocation
119,75,2026-10-13 09:31:31,2027-03-29 09:31:31,1147,2026-10-31 16:31:45,Business,43714,3580,Standard allocation
120,94,2026-02-14 05:30:41,2026-07-13 05:30:41,1139,2026-03-11 21:02:35,Mixed,73102,720,Standard allocation
121,182,2026-03-23 10:03:52,2026-07-18 10:03:52,1177,2026-01-27 20:36:19,Personal,89208,4590,Standard allocation
122,62,2026-04-09 03:09:50,2026-09-29 03:09:50,1108,2026-11-03 10:43:42,Personal,10694,4178,Standard allocation
123,150,2026-06-05 15:46:27,2026-10-24 15:46:27,1177,2026-06-12 10:50:42,Mixed,5818,3445,Replacement vehicle
124,153,2026-09-05 20:16:19,2026-10-01 20:16:19,1063,2026-09-13 09:17:29,Mixed,47531,1862,
125,145,2026-09-08 12:07:35,2027-03-05 12:07:35,1192,2026-05-09 18:42:18,Personal,14886,586,
126,131,2026-10-18 01:10:29,2027-03-04 01:10:29,1176,2026-08-12 09:34:57,Business,59429,3564,Replacement vehicle
127,151,2026-09-26 03:20:31,2027-02-06 03:20:31,1006,2026-07-07 11:45:09,Business,39722,3907,
128,30,2026-11-19 20:26:34,2026-12-30 20:26:34,1087,2026-06-26 20:00:27,Business,69303,4456,
129,113,2026-10-08 09:28:16,2027-02-05 09:28:16,1076,2026-01-18 08:28:34,Mixed,16084,685,Replacement vehicle
130,28,2026-09-20 23:23:45,2026-11-06 23:23:45,1189,2026-04-05 17:26:00,Mixed,23865,1811,Standard allocation
131,119,2026-04-01 01:03:01,2026-07-18 01:03:01,1047,2026-09-06 17:41:44,Mixed,57640,3740,
132,158,2026-12-09 23:03:50,2027-02-02 23:03:50,1109,2026-06-01 00:12:43,Business,29153,2185,Replacement vehicle
133,17,2026-08-13 05:16:21,2026-09-13 05:16:21,1137,2026-03-14 14:35:31,Personal,43727,2114,Standard allocation
134,172,2026-12-02 00:21:19,2027-04-11 00:21:19,1163,2026-05-02 17:08:16,Mixed,51939,3715,Standard allocation
135,91,2026-11-25 08:47:49,2027-03-27 08:47:49,1172,2026-10-02 04:17:18,Personal,81541,1194,Standard allocation
136,31,2026-04-03 15:39:32,2026-06-25 15:39:32,1095,2026-09-27 07:17:49,Business,67954,3682,
137,148,2026-05-30 00:26:09,2026-09-20 00:26:09,1162,2026-07-28 16:44:16,Mixed,85575,1919,Standard allocation
138,74,2026-02-24 11:39:30,2026-04-17 11:39:30,1115,2026-08-29 13:19:10,Business,48059,578,
139,99,2026-08-07 02:19:27,2026-12-19 02:19:27,1104,2026-09-23 21:50:07,Personal,55477,4136,
140,145,2026-01-12 23:38:33,2026-03-14 23:38:33,1070,2026-03-29 07:41:33,Mixed,38836,1877,Replacement vehicle
141,191,2026-10-28 00:39:57,2027-03-08 00:39:57,1028,2026-08-11 10:04:54,Business,36112,4949,Standard allocation
142,139,2026-11-16 11:17:22,2026-12-01 11:17:22,1112,2026-08-01 04:22:53,Business,56725,1338,Replacement vehicle
143,193,2026-04-07 03:09:43,2026-06-27 03:09:43,1008,2026-06-24 15:48:33,Personal,46688,1212,
144,199,2026-11-12 07:21:11,2027-01-16 07:21:11,1188,2026-08-17 07:50:52,Mixed,46957,4007,
145,53,2026-11-12 22:38:52,2027-01-08 22:38:52,1145,2026-05-17 05:50:14,Mixed,37842,4913,Replacement vehicle
146,75,2026-04-23 08:46:52,2026-09-21 08:46:52,1131,2026-12-16 14:03:19,Mixed,13481,1610,Standard allocation
147,16,2026-04-18 16:50:33,2026-10-07 16:50:33,1033,2026-04-07 23:09:38,Business,43217,2527,Replacement vehicle
148,101,2026-07-10 02:05:09,2026-08-20 02:05:09,1068,2026-09-01 19:38:22,Personal,50174,4202,
149,104,2026-07-20 05:51:57,2026-10-04 05:51:57,1094,2026-06-26 14:04:14,Personal,43898,520,Replacement vehicle
150,24,2026-10-11 20:46:45,2027-02-10 20:46:45,1178,2026-05-20 02:52:40,Business,71048,3758,Standard allocation
151,55,2026-07-12 03:04:39,2026-09-23 03:04:39,1072,2026-05-12 04:06:22,Mixed,76750,1569,Standard allocation
152,88,2026-12-14 06:07:31,2027-06-11 06:07:31,1011,2026-02-08 16:06:13,Mixed,61238,633,
153,113,2026-06-27 07:03:26,2026-07-02 07:03:26,1109,2026-03-20 13:44:32,Mixed,18290,2972,Standard allocation
154,24,2026-09-12 05:12:07,2026-12-18 05:12:07,1095,2026-09-16 01:40:15,Mixed,22695,924,Standard allocation
155,186,2026-09-29 15:15:57,2026-12-02 15:15:57,1023,2026-10-01 06:56:28,Business,1142,2248,
156,152,2026-03-29 20:15:05,2026-08-13 20:15:05,1002,2026-01-04 03:08:54,Mixed,46032,1487,Standard allocation
157,178,2026-02-21 07:57:42,2026-06-28 07:57:42,1098,2026-02-04 16:37:33,Mixed,14425,1345,Standard allocation
158,36,2026-05-29 15:13:07,2026-07-07 15:13:07,1173,2026-02-25 11:29:13,Business,70534,569,
159,113,2026-05-17 09:18:24,2026-07-15 09:18:24,1038,2026-12-24 06:02:04,Personal,81750,4124,
160,26,2026-02-24 09:01:01,2026-04-01 09:01:01,1098,2026-05-17 12:32:58,Personal,42222,1645,Replacement vehicle
161,22,2026-04-07 09:05:03,2026-08-31 09:05:03,1184,2026-08-24 23:10:41,Personal,4515,2971,Replacement vehicle
162,131,2026-03-15 06:18:46,2026-06-28 06:18:46,1013,2026-11-01 09:33:37,Business,65865,3661,Standard allocation
163,164,2026-08-19 15:49:36,2026-09-11 15:49:36,1003,2026-05-21 05:40:45,Personal,18299,3668,Replacement vehicle
164,108,2026-05-22 21:53:27,2026-10-13 21:53:27,1195,2026-07-02 22:10:28,Business,3187,1053,
165,56,2026-01-16 11:12:47,2026-02-05 11:12:47,1101,2026-07-16 17:57:11,Personal,83388,4604,Standard allocation
166,180,2026-06-06 05:29:50,2026-07-02 05:29:50,1137,2026-08-28 05:58:29,Business,37368,1184,Replacement vehicle
167,53,2026-11-10 19:39:57,2026-12-24 19:39:57,1100,2026-08-16 17:59:25,Mixed,86175,1041,Standard allocation
168,187,2026-11-25 17:39:16,2027-01-30 17:39:16,1022,2026-12-26 02:09:19,Personal,16202,4214,
169,80,2026-09-16 16:18:41,2027-03-08 16:18:41,1030,2026-01-05 22:02:45,Mixed,18984,592,Standard allocation
170,134,2026-07-20 20:51:58,2026-09-29 20:51:58,1032,2026-10-19 04:25:20,Personal,16473,740,Standard allocation
171,70,2026-07-23 10:40:30,2026-08-13 10:40:30,1147,2026-09-01 17:01:47,Business,66031,4228,
172,128,2026-11-30 17:48:49,2027-04-29 17:48:49,1040,2026-04-10 01:51:15,Business,76223,1444,Replacement vehicle
173,1,2026-01-18 02:27:46,2026-01-26 02:27:46,1120,2026-05-22 08:30:24,Personal,20671,1966,
174,142,2026-11-08 21:34:43,2027-04-29 21:34:43,1082,2026-04-07 09:58:50,Personal,42934,2722,Replacement vehicle
175,96,2026-02-16 08:53:50,2026-06-29 08:53:50,1013,2026-03-11 15:36:37,Business,68603,876,
176,120,2026-12-03 08:00:19,2027-02-18 08:00:19,1079,2026-05-08 02:39:56,Business,73494,4241,
177,52,2026-04-24 05:51:47,2026-09-20 05:51:47,1189,2026-08-30 20:08:52,Business,61807,3516,Standard allocation
178,198,2026-10-29 07:46:52,2026-12-23 07:46:52,1139,2026-10-23 08:12:28,Business,20735,552,
179,60,2026-07-30 07:34:01,2026-10-31 07:34:01,1177,2026-12-07 16:05:01,Business,44911,511,Standard allocation
180,189,2026-10-10 10:08:07,2027-01-01 10:08:07,1135,2026-04-03 11:52:58,Personal,65491,990,
181,183,2026-04-19 16:09:38,2026-05-17 16:09:38,1059,2026-12-15 11:19:31,Mixed,55140,3551,Replacement vehicle
182,22,2026-08-14 13:10:28,2026-09-12 13:10:28,1163,2026-11-15 10:36:29,Personal,10808,1010,
183,61,2026-04-24 06:37:03,2026-07-04 06:37:03,1100,2026-09-30 03:14:09,Mixed,43762,3105,
184,20,2026-03-20 17:25:07,2026-04-28 17:25:07,1149,2026-02-12 07:42:01,Business,14848,1846,Standard allocation
185,105,2026-02-16 21:20:52,2026-07-08 21:20:52,1197,2026-03-22 15:18:35,Personal,41410,4295,
186,24,2026-03-03 05:04:54,2026-08-30 05:04:54,1180,2026-09-28 15:22:24,Mixed,6286,2261,Standard allocation
187,38,2026-02-05 10:09:57,2026-04-14 10:09:57,1101,2026-07-19 09:47:27,Business,89759,2948,
188,8,2026-06-07 01:12:31,2026-10-05 01:12:31,1140,2026-04-08 00:47:43,Business,61560,1334,
189,32,2026-01-05 15:26:47,2026-01-25 15:26:47,1056,2026-02-20 18:21:15,Business,53505,3549,Replacement vehicle
190,22,2026-08-15 03:39:04,2027-01-17 03:39:04,1019,2026-01-09 11:11:32,Business,26919,4132,
191,85,2026-02-17 14:02:26,2026-03-04 14:02:26,1012,2026-03-07 05:46:22,Mixed,57774,3735,Standard allocation
192,175,2026-06-15 16:47:48,2026-08-03 16:47:48,1047,2026-04-17 19:00:57,Personal,59459,1717,Replacement vehicle
193,158,2026-04-06 10:52:48,2026-09-23 10:52:48,1105,2026-12-09 20:05:33,Mixed,63787,999,Standard allocation
194,36,2026-06-12 19:33:06,2026-08-07 19:33:06,1134,2026-04-07 18:13:31,Mixed,72258,659,Replacement vehicle
195,92,2026-07-06 06:58:58,2026-11-27 06:58:58,1088,2026-12-21 10:45:58,Mixed,66849,3134,
196,7,2026-05-04 20:09:15,2026-10-08 20:09:15,1199,2026-04-20 02:28:56,Business,62824,4837,Replacement vehicle
197,60,2026-03-03 23:48:39,2026-04-02 23:48:39,1061,2026-04-14 12:12:42,Mixed,8328,2297,Standard allocation
198,91,2026-11-22 22:07:05,2027-01-10 22:07:05,1151,2026-05-04 12:00:55,Mixed,48026,731,Standard allocation
199,146,2026-08-07 21:11:35,2026-09-17 21:11:35,1048,2026-11-21 22:34:47,Personal,72057,3031,
200,24,2026-01-22 19:31:24,2026-03-27 19:31:24,1005,2026-07-24 10:51:20,Personal,1089,3217,
201,34,2026-05-13 08:06:16,2026-07-02 08:06:16,1082,2026-01-24 03:06:06,Business,20360,1660,Replacement vehicle
202,94,2026-01-29 04:02:36,2026-05-09 04:02:36,1169,2026-06-03 15:13:04,Mixed,14242,3257,
203,41,2026-10-12 10:00:56,2027-02-05 10:00:56,1124,2026-09-10 02:47:55,Personal,23833,3423,Replacement vehicle
204,45,2026-05-27 22:47:43,2026-08-18 22:47:43,1075,2026-02-19 10:58:22,Business,1235,3707,Replacement vehicle
205,9,2026-03-12 17:07:29,2026-08-18 17:07:29,1156,2026-03-27 18:53:34,Mixed,75127,1352,
206,85,2026-10-17 11:06:12,2026-11-10 11:06:12,1081,2026-03-07 04:49:26,Mixed,12629,3250,Standard allocation
207,54,2026-04-07 21:53:21,2026-04-29 21:53:21,1027,2026-10-07 18:44:28,Business,7310,3661,Standard allocation
208,43,2026-12-10 12:37:19,2027-03-30 12:37:19,1096,2026-05-17 09:42:42,Mixed,50197,1330,Replacement vehicle
209,167,2026-10-22 11:20:31,2027-04-20 11:20:31,1115,2026-01-29 15:01:16,Business,39654,664,
210,19,2026-05-13 17:53:00,2026-06-30 17:53:00,1041,2026-10-12 06:35:43,Business,72702,1262,Replacement vehicle
211,124,2026-10-01 14:27:33,2026-10-13 14:27:33,1167,2026-03-06 01:53:07,Mixed,57911,1786,Standard allocation
212,53,2026-03-15 18:46:53,2026-07-02 18:46:53,1184,2026-12-26 10:58:16,Mixed,71795,2673,Standard allocation
213,61,2026-02-07 06:00:04,2026-02-24 06:00:04,1140,2026-11-23 04:00:40,Personal,21131,946,Standard allocation
214,23,2026-04-25 09:23:59,2026-10-16 09:23:59,1122,2026-03-19 13:06:14,Business,4373,2195,Standard allocation
215,21,2026-07-03 21:59:54,2026-08-06 21:59:54,1101,2026-07-02 21:31:13,Personal,87643,2670,Replacement vehicle
216,100,2026-03-13 19:13:04,2026-06-20 19:13:04,1094,2026-03-14 11:04:44,Personal,6848,2656,Standard allocation
217,58,2026-11-22 02:08:22,2027-02-03 02:08:22,1038,2026-10-20 03:20:22,Mixed,88486,1292,Standard allocation
218,139,2026-06-10 18:38:06,2026-11-12 18:38:06,1015,2026-11-23 12:47:51,Personal,69495,3929,Replacement vehicle
219,122,2026-08-11 10:05:02,2026-10-15 10:05:02,1020,2026-06-03 07:50:36,Mixed,5551,4613,Replacement vehicle
220,147,2026-09-21 03:04:58,2027-03-03 03:04:58,1193,2026-06-24 09:21:13,Business,22910,2235,
221,11,2026-06-14 10:08:24,2026-07-09 10:08:24,1111,2026-03-20 10:01:26,Mixed,20382,2612,Replacement vehicle
222,18,2026-02-03 19:09:16,2026-05-18 19:09:16,1141,2026-05-07 15:43:19,Personal,69116,4253,
223,180,2026-08-30 23:19:14,2027-02-01 23:19:14,1107,2026-02-13 16:45:05,Personal,20613,1714,Replacement vehicle
224,195,2026-02-08 21:58:08,2026-03-12 21:58:08,1025,2026-11-02 03:40:48,Personal,71206,3316,Standard allocation
225,99,2026-09-12 07:03:48,2027-01-19 07:03:48,1121,2026-01-15 13:12:19,Business,37099,3801,Replacement vehicle
226,175,2026-09-27 09:23:29,2027-01-12 09:23:29,1084,2026-09-26 04:03:16,Business,7460,4392,Standard allocation
227,6,2026-05-12 05:08:24,2026-08-02 05:08:24,1125,2026-11-30 07:19:40,Mixed,13873,2367,Replacement vehicle
228,114,2026-10-28 14:29:27,2027-01-23 14:29:27,1106,2026-08-23 22:48:51,Mixed,12703,2039,Standard allocation
229,190,2026-07-08 03:29:51,2026-11-22 03:29:51,1014,2026-07-20 02:39:42,Business,9600,3048,Standard allocation
230,35,2026-10-31 02:56:25,2027-03-19 02:56:25,1007,2026-03-09 11:20:58,Business,27309,972,Standard allocation
231,13,2026-12-23 12:40:11,2027-03-30 12:40:11,1070,2026-05-24 01:17:19,Personal,67207,3751,
232,175,2026-01-12 20:52:10,2026-03-19 20:52:10,1152,2026-06-23 05:59:07,Business,63204,3365,Standard allocation
233,192,2026-11-19 16:16:17,2026-12-17 16:16:17,1098,2026-01-20 06:46:52,Business,76007,2255,Replacement vehicle
234,58,2026-09-21 04:34:39,2026-11-17 04:34:39,1104,2026-07-19 08:07:40,Business,2166,4383,Replacement vehicle
235,45,2026-08-22 11:02:56,2026-08-29 11:02:56,1155,2026-11-09 15:56:28,Personal,85245,2755,Standard allocation
236,90,2026-06-28 06:10:17,2026-09-05 06:10:17,1077,2026-09-20 23:55:32,Mixed,82737,3753,
237,131,2026-09-15 05:36:00,2026-12-24 05:36:00,1152,2026-08-25 12:45:30,Personal,40121,1385,Standard allocation
238,71,2026-09-06 18:46:32,2026-12-03 18:46:32,1066,2026-09-12 19:28:40,Mixed,86389,2947,Replacement vehicle
239,196,2026-04-04 07:46:39,2026-04-23 07:46:39,1153,2026-06-06 22:28:13,Mixed,42888,1646,Replacement vehicle
240,128,2026-04-25 19:14:05,2026-07-05 19:14:05,1103,2026-05-31 18:59:04,Mixed,5629,2055,Replacement vehicle
241,57,2026-09-24 12:56:54,2027-02-12 12:56:54,1121,2026-12-19 01:26:21,Mixed,47988,4655,
242,169,2026-12-07 09:31:24,2027-05-03 09:31:24,1024,2026-07-02 19:59:44,Business,34902,1999,Standard allocation
243,168,2026-02-04 16:20:04,2026-04-06 16:20:04,1190,2026-12-05 10:20:13,Personal,56112,3214,Replacement vehicle
244,76,2026-06-30 02:33:44,2026-08-04 02:33:44,1162,2026-08-15 15:18:34,Mixed,82350,1083,
245,129,2026-02-16 12:45:55,2026-08-14 12:45:55,1076,2026-06-10 10:26:19,Business,20762,1625,Standard allocation
246,105,2026-08-10 03:13:33,2026-12-10 03:13:33,1183,2026-03-12 01:02:48,Business,64908,3224,
247,81,2026-09-04 09:57:32,,1070,2026-03-23 07:35:06,Business,76534,1797,
248,34,2026-08-27 15:21:58,2026-12-21 15:21:58,1103,2026-06-16 14:48:25,Personal,51242,538,
249,188,2026-05-25 21:33:25,2026-06-02 21:33:25,1193,2026-11-20 14:15:14,Mixed,25979,646,Replacement vehicle
250,188,2026-04-07 15:11:58,2026-06-08 15:11:58,1088,2026-05-02 04:54:38,Business,14462,3642,Standard allocation
251,43,2026-01-26 08:31:08,2026-02-11 08:31:08,1074,2026-06-27 01:32:28,Mixed,69195,4793,Replacement vehicle
252,35,2026-05-14 02:30:05,2026-09-21 02:30:05,1048,2026-03-06 00:49:32,Personal,3506,2371,
253,55,2026-10-13 02:05:24,2026-10-23 02:05:24,1043,2026-02-17 19:57:10,Personal,86267,806,Replacement vehicle
254,66,2026-10-27 12:34:04,2027-03-17 12:34:04,1152,2026-01-19 15:01:23,Mixed,15170,661,
255,107,2026-06-22 13:18:33,2026-10-02 13:18:33,1064,2026-07-04 05:41:39,Mixed,21070,2183,Replacement vehicle
256,3,2026-04-27 22:36:31,2026-08-17 22:36:31,1169,2026-07-22 01:38:00,Personal,82631,1623,
257,131,2026-10-07 03:23:12,2027-03-19 03:23:12,1029,2026-11-01 18:29:38,Business,66239,2127,Standard allocation
258,134,2026-03-20 07:43:49,2026-06-24 07:43:49,1075,2026-03-04 06:47:25,Business,72845,4566,Replacement vehicle
259,124,2026-05-09 09:26:56,,1171,2026-02-04 13:33:59,Business,76255,4547,
260,200,2026-07-18 17:26:22,2026-08-11 17:26:22,1025,2026-12-18 09:09:18,Personal,85454,2393,Standard allocation
261,68,2026-06-30 07:22:43,2026-07-17 07:22:43,1044,2026-12-06 11:34:46,Business,39085,3450,Standard allocation
262,110,2026-10-14 19:41:36,2026-11-17 19:41:36,1194,2026-12-12 18:07:22,Business,2267,1633,
263,85,2026-05-19 20:23:48,2026-09-13 20:23:48,1068,2026-12-08 03:59:07,Mixed,13183,3552,
264,30,2026-06-05 15:31:01,2026-09-20 15:31:01,1069,2026-11-21 13:21:58,Personal,63684,3954,
265,29,2026-02-21 11:05:50,2026-03-13 11:05:50,1040,2026-02-10 06:40:34,Personal,78430,4454,Replacement vehicle
266,113,2026-03-12 09:28:15,2026-08-20 09:28:15,1091,2026-08-26 10:16:24,Business,18125,4457,
267,106,2026-06-21 03:30:31,2026-07-07 03:30:31,1167,2026-05-03 00:54:35,Business,89857,4799,Replacement vehicle
268,186,2026-08-08 10:17:44,2026-10-09 10:17:44,1171,2026-12-06 02:17:16,Personal,69039,4785,Replacement vehicle
269,25,2026-06-18 02:26:05,2026-12-09 02:26:05,1123,2026-05-15 06:37:07,Mixed,89643,3652,Replacement vehicle
270,157,2026-01-22 04:35:35,2026-01-29 04:35:35,1040,2026-07-16 08:13:52,Personal,65990,1854,Standard allocation
271,83,2026-04-04 13:16:28,2026-07-02 13:16:28,1012,2026-07-16 20:55:25,Business,73154,3601,
272,21,2026-06-28 07:04:18,2026-10-24 07:04:18,1114,2026-02-04 04:24:16,Personal,59598,3089,Standard allocation
273,191,2026-09-11 17:52:40,2026-09-20 17:52:40,1105,2026-01-14 21:58:40,Mixed,72971,501,Replacement vehicle
274,159,2026-09-05 14:17:09,2026-11-26 14:17:09,1143,2026-03-22 07:59:36,Mixed,89011,4237,Standard allocation
275,14,2026-11-14 03:09:29,2027-01-15 03:09:29,1084,2026-08-06 12:59:03,Mixed,79636,4375,Standard allocation
276,184,2026-06-25 17:54:29,2026-07-29 17:54:29,1168,2026-03-28 02:49:58,Business,45742,3409,Standard allocation
277,141,2026-07-22 17:15:13,2026-10-30 17:15:13,1011,2026-12-15 07:30:02,Business,65542,1650,Replacement vehicle
278,185,2026-06-08 22:07:14,2026-07-10 22:07:14,1050,2026-03-14 20:01:52,Business,52497,2266,
279,184,2026-05-12 05:46:08,2026-06-13 05:46:08,1011,2026-12-26 20:47:06,Mixed,89098,1509,Standard allocation
280,118,2026-09-13 17:15:40,2027-02-15 17:15:40,1034,2026-07-13 17:25:11,Business,70515,897,Standard allocation
281,150,2026-07-07 13:15:07,2026-11-19 13:15:07,1045,2026-09-26 16:12:30,Mixed,23760,1551,Replacement vehicle
282,154,2026-08-24 09:49:40,2026-11-19 09:49:40,1098,2026-06-12 14:14:17,Mixed,33537,2741,Standard allocation
283,76,2026-06-25 20:49:40,2026-08-03 20:49:40,1154,2026-09-29 20:36:21,Mixed,68147,2948,Replacement vehicle
284,81,2026-10-04 11:08:59,2027-02-27 11:08:59,1051,2026-03-23 10:39:50,Mixed,39086,3328,
285,182,2026-09-10 11:14:39,2026-10-30 11:14:39,1177,2026-09-05 08:07:40,Personal,16126,3385,Replacement vehicle
286,147,2026-09-17 02:21:22,2027-01-06 02:21:22,1136,2026-04-22 01:02:30,Personal,2673,4782,Standard allocation
287,38,2026-01-21 14:36:05,2026-07-16 14:36:05,1068,2026-10-19 08:13:52,Business,38567,2552,
288,177,2026-11-01 14:44:27,2027-01-20 14:44:27,1138,2026-01-13 13:07:02,Personal,60322,1339,Replacement vehicle
289,190,2026-08-07 05:08:51,2026-10-08 05:08:51,1143,2026-06-01 00:41:11,Business,67967,2856,
290,98,2026-05-31 12:16:16,2026-09-19 12:16:16,1175,2026-05-02 10:08:46,Mixed,8051,606,
291,159,2026-12-04 10:16:06,2027-04-01 10:16:06,1162,2026-10-01 15:37:08,Mixed,85886,3512,Replacement vehicle
292,190,2026-08-23 07:58:27,2026-10-17 07:58:27,1049,2026-04-25 05:56:06,Personal,24255,1110,
293,189,2026-07-19 13:23:59,2026-08-23 13:23:59,1109,2026-04-19 09:30:52,Mixed,35634,1565,Standard allocation
294,2,2026-05-09 09:04:06,2026-09-10 09:04:06,1039,2026-01-16 12:16:23,Business,43287,916,Replacement vehicle
295,158,2026-11-24 10:38:03,2027-05-17 10:38:03,1146,2026-08-02 15:51:52,Personal,10552,3103,
296,134,2026-01-27 11:27:02,2026-06-10 11:27:02,1139,2026-07-28 13:32:16,Personal,13051,3362,
297,170,2026-05-09 21:22:42,2026-08-06 21:22:42,1055,2026-10-20 07:15:34,Mixed,70533,4390,Replacement vehicle
298,3,2026-02-14 13:17:09,2026-08-09 13:17:09,1061,2026-12-18 06:31:04,Mixed,81439,2497,Replacement vehicle
299,83,2026-05-29 02:39:01,2026-07-02 02:39:01,1138,2026-10-09 03:56:30,Personal,4238,4734,Standard allocation
300,132,2026-11-08 18:47:39,2027-03-23 18:47:39,1011,2026-04-26 02:57:53,Mixed,26232,3124,
301,43,2026-10-28 07:51:03,2027-03-19 07:51:03,1160,2026-01-26 10:14:29,Business,88862,2246,Standard allocation
302,27,2026-03-21 20:08:25,2026-08-10 20:08:25,1189,2026-10-29 01:27:01,Personal,85746,1090,
303,7,2026-06-28 08:17:21,2026-09-25 08:17:21,1018,2026-01-22 01:48:54,Business,34018,1077,
304,67,2026-06-08 07:24:46,2026-09-20 07:24:46,1103,2026-06-18 04:05:09,Personal,3213,3690,Replacement vehicle
305,2,2026-09-07 02:29:35,2027-02-17 02:29:35,1190,2026-08-16 10:15:44,Business,10514,3430,
306,75,2026-11-02 14:21:50,2027-05-01 14:21:50,1022,2026-04-20 07:55:57,Personal,50992,3736,
307,122,2026-03-02 17:02:25,2026-07-21 17:02:25,1191,2026-06-01 20:18:53,Mixed,39663,1680,Replacement vehicle
308,166,2026-05-25 21:49:42,2026-06-01 21:49:42,1142,2026-02-24 21:41:59,Business,6475,541,Standard allocation
309,138,2026-08-01 15:18:25,2026-08-27 15:18:25,1191,2026-10-15 22:37:58,Mixed,46069,2234,Replacement vehicle
310,132,2026-02-25 07:46:40,2026-04-12 07:46:40,1157,2026-11-21 04:25:07,Personal,26470,1438,Replacement vehicle
311,14,2026-11-27 15:30:31,2027-04-21 15:30:31,1140,2026-01-29 09:45:24,Personal,89039,1051,
312,186,2026-08-14 11:32:37,2026-12-21 11:32:37,1091,2026-02-19 19:03:06,Mixed,86914,2421,Replacement vehicle
313,18,2026-12-16 13:42:48,2027-02-08 13:42:48,1115,2026-05-08 12:24:26,Mixed,87431,3004,
314,145,2026-08-09 03:32:08,2026-11-15 03:32:08,1109,2026-03-07 11:50:03,Business,42053,2516,Replacement vehicle
315,190,2026-09-06 21:02:53,2026-12-31 21:02:53,1092,2026-02-22 03:49:15,Mixed,44458,4431,Standard allocation
316,199,2026-04-29 15:12:12,2026-09-05 15:12:12,1044,2026-09-08 16:58:37,Mixed,11744,2798,
317,138,2026-03-18 06:52:41,2026-05-29 06:52:41,1160,2026-01-30 16:40:51,Mixed,10882,652,Replacement vehicle
318,8,2026-11-12 14:22:34,2027-04-14 14:22:34,1196,2026-08-18 03:32:13,Business,5804,2634,Replacement vehicle
319,121,2026-09-11 22:51:56,2026-10-24 22:51:56,1057,2026-12-13 04:48:00,Mixed,39141,1596,Replacement vehicle
320,24,2026-06-04 02:18:20,2026-09-10 02:18:20,1169,2026-04-03 18:31:49,Mixed,22737,4711,
321,46,2026-08-08 22:49:55,2027-01-04 22:49:55,1037,2026-10-13 19:16:11,Mixed,64373,3439,Standard allocation
322,60,2026-01-25 09:54:30,2026-04-07 09:54:30,1010,2026-09-17 15:40:10,Business,68880,3459,Standard allocation
323,12,2026-01-16 11:56:19,2026-07-06 11:56:19,1180,2026-07-22 11:32:51,Mixed,36847,2657,Replacement vehicle
324,45,2026-05-27 06:43:17,2026-11-15 06:43:17,1150,2026-09-11 17:32:16,Business,68720,2560,
325,133,2026-06-07 14:43:24,2026-09-10 14:43:24,1088,2026-07-09 01:52:43,Personal,80195,554,
326,113,2026-03-06 07:33:29,2026-05-08 07:33:29,1164,2026-04-20 01:20:03,Business,20692,2031,Replacement vehicle
327,184,2026-11-14 06:34:23,2026-12-19 06:34:23,1106,2026-11-12 00:40:36,Personal,15855,4444,Standard allocation
328,54,2026-08-18 10:34:13,2026-10-03 10:34:13,1105,2026-01-09 17:12:44,Business,6655,1547,
329,35,2026-09-02 11:44:31,2027-01-16 11:44:31,1146,2026-02-27 00:52:55,Business,22802,2615,Replacement vehicle
330,104,2026-08-21 18:25:01,2027-01-17 18:25:01,1184,2026-10-10 17:12:44,Mixed,38152,1202,Replacement vehicle
331,121,2026-12-03 19:50:39,2027-04-10 19:50:39,1105,2026-08-22 08:13:21,Business,77368,1989,Replacement vehicle
332,68,2026-03-07 03:16:46,2026-09-03 03:16:46,1116,2026-08-20 16:05:38,Mixed,10023,2382,
333,28,2026-01-07 10:22:29,2026-03-04 10:22:29,1129,2026-09-23 18:46:13,Personal,20603,1288,Replacement vehicle
334,154,2026-01-16 03:50:49,2026-06-06 03:50:49,1030,2026-02-06 04:35:36,Personal,87427,1567,Replacement vehicle
335,1,2026-12-15 08:21:23,2027-06-11 08:21:23,1133,2026-06-13 09:03:33,Personal,6693,4840,Standard allocation
336,197,2026-05-29 01:22:54,2026-08-31 01:22:54,1189,2026-12-19 13:51:28,Mixed,76513,1300,Standard allocation
337,123,2026-10-25 10:19:20,2026-12-28 10:19:20,1021,2026-04-21 00:14:12,Mixed,72267,3847,
338,182,2026-10-16 19:16:48,2026-10-22 19:16:48,1030,2026-07-21 20:31:53,Business,50155,2182,Standard allocation
339,105,2026-05-21 16:35:57,2026-06-22 16:35:57,1166,2026-08-16 08:02:44,Personal,35249,4891,Standard allocation
340,157,2026-04-18 00:24:37,2026-10-14 00:24:37,1052,2026-06-10 11:33:56,Mixed,74080,4452,Replacement vehicle
341,143,2026-07-07 20:58:17,2026-09-14 20:58:17,1147,2026-05-14 17:38:00,Mixed,53183,1631,Replacement vehicle
342,31,2026-10-18 10:08:00,2026-12-20 10:08:00,1179,2026-03-04 20:02:23,Business,29109,4664,Standard allocation
343,141,2026-08-27 11:07:52,2027-02-23 11:07:52,1041,2026-06-01 02:42:32,Mixed,1693,1246,Standard allocation
344,154,2026-06-19 02:00:42,2026-07-16 02:00:42,1056,2026-05-25 00:26:02,Business,80826,809,Standard allocation
345,158,2026-09-12 19:59:47,2027-01-28 19:59:47,1152,2026-01-23 07:35:39,Business,84924,4549,
346,169,2026-11-09 04:59:00,2027-03-26 04:59:00,1008,2026-11-01 11:01:53,Mixed,67918,4725,Replacement vehicle
347,44,2026-09-19 18:21:45,2026-10-03 18:21:45,1167,2026-01-01 02:40:39,Business,12382,2760,Standard allocation
348,172,2026-06-03 11:00:02,2026-09-19 11:00:02,1132,2026-01-06 23:13:34,Mixed,9993,1238,Replacement vehicle
349,144,2026-12-22 08:30:06,2027-05-25 08:30:06,1070,2026-03-29 21:13:37,Mixed,26496,4225,Replacement vehicle
350,2,2026-04-12 09:41:54,2026-05-31 09:41:54,1027,2026-08-05 22:48:56,Business,66951,2910,
